story_id,network,period,story_date,headline,section,word_count,is_opinion,story_trigger,src_affected_woman,src_provider,src_politician,src_religious,src_expert,src_antiabortion_advocate,src_prochoice_advocate,pro_life,pro_choice,abortion_rights,abortion_ban,patient_impact,women_affected,medical_necessity,lede_for_coding,coded_affected_woman,coded_provider,coded_politician,coded_expert,coded_religious,coded_anti_advocate,coded_pro_advocate,coded_source_count,coded_balance,coded_primary_frame,coded_is_opinion,coded_notes
1,GUARDIAN,post_dobbs,2023-12-05,Texas woman files emergency lawsuit to terminate her non-viable pregnancy,news,945,0,state_legislation,1,0,0,0,0,0,0,0,0,0,4,2,0,0,"GMT The Guardian GRDN English \'00\'A9 Copyright 2023. The Guardian. All rights reserved. Kate Cox, a 31-year-old unable to get abortion due to multiple state bans, is first woman to ask court to allow procedure since Roe A Texas woman filed an emergency lawsuit on Tuesday asking a judge to let her terminate her non-viable pregnancy. The woman recently learned of a lethal fetal diagnosis and her doctors said continuing the pregnancy threatens her life, health and future fertility \'20\'13 but she \'20\'19s been unable to get an abortion due to Texas \'20\'19s multiple bans. It \'20\'19s the first time since the (now-overturned) Roe v Wade ruling in 1973 that an adult woman has asked a court to authorize an abortion . According to the \* HYPERLINK ""https://reproductiverights.org/wp-content/uploads/2023/12/Cox-v.-Texas-original-petition-FINAL.pdf"" complaint filed in state court, Kate Cox is 20 weeks pregnant and has been to three different emergency rooms in the past month to be evaluated for severe cramping and fluid leaks. Cox , a 31-year-old mother of two, learned last week that her baby has \* HYPERLINK ""https://medlineplus.gov/genetics/condition/trisomy-18/"" trisomy 18 , a fatal chromosomal condition. Her doctors told her that, because she \'20\'19s had two previous cesarean sections, she faces a",,,,,,,,,,,,
2,GUARDIAN,post_dobbs,2024-02-16,"Trump privately backs 16-week abortion ban with exceptions, report says",news,677,0,supreme_court_ruling,0,0,1,0,0,0,0,0,1,1,2,0,0,2,"226F1F2C8355F3DC47E7002530E06DF300E8D9DDD79C6335E4DE2F5787F64DD02FEDEE6EEDEEADA08046D05CC91021E40AC195480DC7F781C76AB7FB37D85F6B 7F017C5161A7DD9B7D42F2FAE628AE0BB2947682201B70E78F6A067D19B8671919F4A5AF9ABE35E89E0FD0FE0DBE9FA35D58DDEB7A64D0B1BA47592E8C85C076 918658672DC138E001D054FF000C354BEF13FECCDE26935ABCBBB89F4C5BC5B79C5C3A483CB80489975209C16E849180074A00FA337AEE65DCBB94648CF20536 09E1B852D04B1CAA0E09460C01FC2BE3EFD977C33A778CA7F1659F887ED5716AD0C0CF1A5D49107625F96DAC3763B0391CF4A87F6539E7B1F8BF77A7C13482D6 4B59D244CF0FB186D247A8F5F73EB4012FC45F869AF7C3EF89D078A744D32E351D0A3D413508CDAA1730E240ED1BA8E401C807A118E73915D47ED47AEE9BE30F 0B78693C33771EA539B9691ADEDFE79A3053F8E31F329CF18205145023464F0BEB571FB21C5A42E9B76BAAC4A67366F132CBB45DB39F908CE767CD8EF5C87C21 D76DAD7E03F8F3C3B25BDFB6AB22DDCE234B49194235BA2E59C0DAB82873B883D31927145140107ECFB6FADDA782BE235AE996BA85BEB17D61135830B7917794 59B76D7C60361C639072462A87C22BE68BE1DFC43F0C1D3352975FD42DCB44915A3BB36D46CAB103E52393F36339C0C9E28A2803ACFD92AFA0D1F48F1A26A664 B77558A52AF1B676A870DDBAE580C75E6B9EFD942DAE748F89F336A9697568971A7C9044D2C0EAAD2178D82E718070ADD7D28A280357F6B7F05EA83C536BE29B 0B59AE34F9ADD219E4890B793221382D8E8082307D41F6AA9FB4378B61F885E10F085F69165A86F57944EAF6AEAAB2B22651588C3E369FBB9ED9C668A2803A1F 165C79FF00B29E97A524179FDA58820FB335ACAAE5D240CD80579007F174F7AC2F00C1ADAFECD5E2FD2B4786F62D645FF9F25BAC4E92B5BB084315E39042B838 EC08EF45140189E18BF17DFB39788FC3163A66A32EB115EADDCA22B4765F2C3C64B16030080A460F3C7A671D87C13BE82D7F673F1CD94E645BB6376AB1794C59 8CB6E88800039CB023F0A28A00ADFB23B9D0354F131D6A1B8B2125AC72219A1750CB1972F8E3B0238EB5CE7ECF65F44F8C126A3AB5BDD59D8C915C2ACF35BBAA E5B91CE38CE3BD145007FFD9 US news Trump privately backs 16-week abortion ban with exceptions, report says Carter Sherman 576 words 16 February 2024 20:05 GMT The Guardian GRDN English \'00\'A9 Copyright 2024. The Guardian. All rights reserved. Ex-president favors ban with exceptions for rape, incest and to save mother \'20\'19s life, NYT says, but won \'20\'19t discuss until after primary Donald Trump likes the idea of a national ban on abortion past 16 weeks of pregnancy with exceptions for rape, incest and to save the life of the mother, \* HYPERLINK ""https://www.nytimes.com/2024/02/16/us/politics/trump-abortion-ban.html"" the New York Times reported on Friday morning . Trump has veered away from taking a firm stance on abortion during his presidential campaign. He has \* HYPERLINK ""https://www.theguardian.com/us-news/2024/jan/10/donald-trump-abortion-election-republicans-iowa"" taken credit for the US supreme court \'20\'19s 2022 overturning of Roe v Wade, since he appointed three of the justices who took part in that decision, but he has also suggested that Republicans who take extreme stances on abortion lose elections. \'20\'1CKnow what I like about 16? \'20\'1D Trump told one individual, according to the Times, which based its report on two people with knowledge of Trump \'20\'19s",,,,,,,,,,,,
3,GUARDIAN,post_dobbs,2022-09-04,Republican Senate candidate says she \'20\'19s anti- abortion but against federal ban,World,683,0,supreme_court_ruling,0,0,1,0,0,0,0,3,0,0,4,0,0,0,"09E1B852D04B1CAA0E09460C01FC2BE3EFD977C33A778CA7F1659F887ED5716AD0C0CF1A5D49107625F96DAC3763B0391CF4A87F6539E7B1F8BF77A7C13482D6 4B59D244CF0FB186D247A8F5F73EB4012FC45F869AF7C3EF89D078A744D32E351D0A3D413508CDAA1730E240ED1BA8E401C807A118E73915D47ED47AEE9BE30F 0B78693C33771EA539B9691ADEDFE79A3053F8E31F329CF18205145023464F0BEB571FB21C5A42E9B76BAAC4A67366F132CBB45DB39F908CE767CD8EF5C87C21 D76DAD7E03F8F3C3B25BDFB6AB22DDCE234B49194235BA2E59C0DAB82873B883D31927145140107ECFB6FADDA782BE235AE996BA85BEB17D61135830B7917794 59B76D7C60361C639072462A87C22BE68BE1DFC43F0C1D3352975FD42DCB44915A3BB36D46CAB103E52393F36339C0C9E28A2803ACFD92AFA0D1F48F1A26A664 B77558A52AF1B676A870DDBAE580C75E6B9EFD942DAE748F89F336A9697568971A7C9044D2C0EAAD2178D82E718070ADD7D28A280357F6B7F05EA83C536BE29B 0B59AE34F9ADD219E4890B793221382D8E8082307D41F6AA9FB4378B61F885E10F085F69165A86F57944EAF6AEAAB2B22651588C3E369FBB9ED9C668A2803A1F 165C79FF00B29E97A524179FDA58820FB335ACAAE5D240CD80579007F174F7AC2F00C1ADAFECD5E2FD2B4786F62D645FF9F25BAC4E92B5BB084315E39042B838 EC08EF45140189E18BF17DFB39788FC3163A66A32EB115EADDCA22B4765F2C3C64B16030080A460F3C7A671D87C13BE82D7F673F1CD94E645BB6376AB1794C59 8CB6E88800039CB023F0A28A00ADFB23B9D0354F131D6A1B8B2125AC72219A1750CB1972F8E3B0238EB5CE7ECF65F44F8C126A3AB5BDD59D8C915C2ACF35BBAA E5B91CE38CE3BD145007FFD9 World news Republican Senate candidate says she \'20\'19s anti- abortion but against federal ban Maya Yang 580 words 4 September 2022 19:04 GMT The Guardian GRDN English \'00\'A9 Copyright 2022. The Guardian. All rights reserved. Tiffany Smiley, a trained nurse, wants to win in Washington state, where a 1991 law protects abortion access A Republican Senate nominee in Washington state said on Sunday she was against abortion \'20\'13 but supported a state law that guarantees the right to abortion until fetal liability. Speaking to CNN \'20\'19s State of the Union, Tiffany Smiley said she supported the law despite the US supreme court decision earlier this summer, in Dobbs v Jackson, which overturned the right to abortion , a right previously guaranteed for almost 50 years. \'20\'1CI respect the voters of Washington state, \'20\'1D Smiley said. \'20\'1CThey long decided where they stand on the issue. \'20\'1D The state law was passed in 1991. Across the US, polls consistently show that nearly two-thirds of Americans support the right to abortion in some form. As the midterm elections approach, abortion has served as a prime motivator for women voters across the US,",,,,,,,,,,,,
4,GUARDIAN,post_dobbs,2024-06-20,US supreme court unanimously upholds access to abortion pill mifepristone,news,1181,0,supreme_court_ruling,1,1,1,0,1,0,0,0,0,3,1,0,1,0,"09E1B852D04B1CAA0E09460C01FC2BE3EFD977C33A778CA7F1659F887ED5716AD0C0CF1A5D49107625F96DAC3763B0391CF4A87F6539E7B1F8BF77A7C13482D6 4B59D244CF0FB186D247A8F5F73EB4012FC45F869AF7C3EF89D078A744D32E351D0A3D413508CDAA1730E240ED1BA8E401C807A118E73915D47ED47AEE9BE30F 0B78693C33771EA539B9691ADEDFE79A3053F8E31F329CF18205145023464F0BEB571FB21C5A42E9B76BAAC4A67366F132CBB45DB39F908CE767CD8EF5C87C21 D76DAD7E03F8F3C3B25BDFB6AB22DDCE234B49194235BA2E59C0DAB82873B883D31927145140107ECFB6FADDA782BE235AE996BA85BEB17D61135830B7917794 59B76D7C60361C639072462A87C22BE68BE1DFC43F0C1D3352975FD42DCB44915A3BB36D46CAB103E52393F36339C0C9E28A2803ACFD92AFA0D1F48F1A26A664 B77558A52AF1B676A870DDBAE580C75E6B9EFD942DAE748F89F336A9697568971A7C9044D2C0EAAD2178D82E718070ADD7D28A280357F6B7F05EA83C536BE29B 0B59AE34F9ADD219E4890B793221382D8E8082307D41F6AA9FB4378B61F885E10F085F69165A86F57944EAF6AEAAB2B22651588C3E369FBB9ED9C668A2803A1F 165C79FF00B29E97A524179FDA58820FB335ACAAE5D240CD80579007F174F7AC2F00C1ADAFECD5E2FD2B4786F62D645FF9F25BAC4E92B5BB084315E39042B838 EC08EF45140189E18BF17DFB39788FC3163A66A32EB115EADDCA22B4765F2C3C64B16030080A460F3C7A671D87C13BE82D7F673F1CD94E645BB6376AB1794C59 8CB6E88800039CB023F0A28A00ADFB23B9D0354F131D6A1B8B2125AC72219A1750CB1972F8E3B0238EB5CE7ECF65F44F8C126A3AB5BDD59D8C915C2ACF35BBAA E5B91CE38CE3BD145007FFD9 US news US supreme court unanimously upholds access to abortion pill mifepristone Carter Sherman in New York 1,036 words 20 June 2024 18:45 GMT The Guardian GRDN English \'00\'A9 Copyright 2024. The Guardian. All rights reserved. FDA still has the power to give expanded access to mifepristone in major victory to abortion rights supporters The availability of a common \* HYPERLINK ""https://www.theguardian.com/world/abortion"" abortion pill will remain unchanged, the US supreme court ruled on Thursday in a unanimous 9-0 decision, handing a major victory to abortion rights supporters who feared that the court that \* HYPERLINK ""https://www.theguardian.com/world/2022/jun/24/roe-v-wade-overturned-abortion-summary-supreme-court"" overturned \* HYPERLINK ""https://www.theguardian.com/us-news/roe-v-wade"" Roe v Wade just two years ago would further hack away at access to the procedure. Conservative bloc * Alito \'20\'13 Majority * Barrett \'20\'13 Majority * Gorsuch \'20\'13 Majority * Kavanaugh \'20\'13 Majority * Roberts \'20\'13 Majority * Thomas \'20\'13 Majority Liberal bloc * Jackson \'20\'13 Majority * Kagan \'20\'13 Majority * Sotomayor \'20\'13 Majority The case, a consolidation of Food and Drug Administration v Alliance for Hippocratic Medicine and Danco Laboratories LLC v Alliance for Hippocratic Medicine, dealt with the FDA \'20\'19s ability to regulate mifepristone, one",,,,,,,,,,,,
5,GUARDIAN,post_dobbs,2024-05-02,First Thing: Police move in on pro-Palestinian encampment at UCLA,news,1471,0,protest_mobilization,0,0,0,0,0,0,1,0,1,1,3,0,0,0,"California, Los Angeles marks latest flashpoint in mounting tensions on US college campuses. Plus, Arizona senate passes repeal of 1864 abortion banDon \'20\'19t already get First Thing in your inbox? Sign up here Good morning. Hundreds of law enforcement officers \* HYPERLINK ""https://www.theguardian.com/us-news/live/2024/may/01/university-protests-pro-palestinian-demonstrators-arrested-latest-news?page=with:block-66336c2a8f082a27705c925e#block-66336c2a8f082a27705c925e"" breached a Gaza solidarity encampment at the University of California, Los Angeles campus on Thursday morning, removing barricades and threatening students with arrest. LAPD officers in tactical gear filed on to the UCLA campus around sunset on Wednesday and began to force their way into the encampment at about 3.1am PDT. They were met with about 300 to 500 protesters in the encampment \'20\'13 and another 2,000 people gathered outside the barricades in support \'20\'13 who shouted \'20\'1Cshame on you \'20\'1D. It is the latest crackdown on pro-Palestinian protesters demanding universities divest from companies linked to Israel \'20\'19s war effort in Gaza, and comes amid ongoing fallout from events on Tuesday, when counter-demonstrators attacked the UCLA encampment. Meanwhile in Gaza, a senior Hamas official told AFP overnight that its response to a proposed truce deal brokered by Egypt and Qatar was \'20\'1Cnegative \'20\'1D, but that discussions were still taking place. * Where have the campus protests spread?",,,,,,,,,,,,
6,GUARDIAN,post_dobbs,2024-04-12,"Rate of sterilizations in US jumped after overturning of Roe v Wade, study shows",news,567,0,supreme_court_ruling,0,0,0,0,1,0,0,0,0,0,3,0,1,1,"Pittsburgh, Pennsylvania, said in a release. People capable of getting pregnant \'20\'1Cdisproportionately experience the health, social and economic consequences of abortion bans \'20\'1D, she said. Researchers are only beginning to grapple with the health effects of the Dobbs decision, which has allowed 21 US states to severely restrict or almost entirely ban abortion . \* HYPERLINK ""https://www.theguardian.com/world/2024/jan/25/abortion-after-rape-laws-bans"" Another research letter in Jama Internal Medicine found that more than 65,000 US rape victims could not get an abortion in their own state because of bans. Some experts also expect abortion bans to increase the rates of \* HYPERLINK ""https://www.nytimes.com/2024/03/28/health/trisomy-18-abortion.html#:~:text=And%20the%20number%20of%20babies,prohibit%20it%20after%2012%20weeks."" babies born with severe genetic abnormalities and \* HYPERLINK ""https://www.ncbi.nlm.nih.gov/pmc/articles/PMC10728320/"" worsen maternal mortality rates , particularly among Black women and especially in many deep south states that have among the worst rates in the nation. The new research letter was published in the journal \* HYPERLINK ""https://jamanetwork.com/journals/jama-health-forum/fullarticle/2817438"" Jama Health Forum . Ellison and her co-authors used the TriNetX platform, which gathers data largely from major academic medical centers, to perform an analysis of de-identified patient records that contained the procedure codes for tubal ligations and vasectomies. Researchers studied the period leading up to the supreme court \'20\'19s decision, from 2019 to 2022,",,,,,,,,,,,,
7,GUARDIAN,post_dobbs,2023-04-20,Trump considers federal abortion ban a vote-loser and is unlikely to support one,news,1183,0,supreme_court_ruling,0,0,0,0,0,1,0,4,0,1,5,0,0,0,"B5B9884B0C92C71057976AC7CBB019639C9E7D4D007A83EABE33D4FF00675D3752F0CCD35D789A7B58DDE5015A5652DF3950782D8FEB8E715D2FC0F97C5D2F81 226F1F2C8355F3DC47E7002530E06DF300E8D9DDD79C6335E4DE2F5787F64DD02FEDEE6EEDEEADA08046D05CC91021E40AC195480DC7F781C76AB7FB37D85F6B 7F017C5161A7DD9B7D42F2FAE628AE0BB2947682201B70E78F6A067D19B8671919F4A5AF9ABE35E89E0FD0FE0DBE9FA35D58DDEB7A64D0B1BA47592E8C85C076 918658672DC138E001D054FF000C354BEF13FECCDE26935ABCBBB89F4C5BC5B79C5C3A483CB80489975209C16E849180074A00FA337AEE65DCBB94648CF20536 09E1B852D04B1CAA0E09460C01FC2BE3EFD977C33A778CA7F1659F887ED5716AD0C0CF1A5D49107625F96DAC3763B0391CF4A87F6539E7B1F8BF77A7C13482D6 4B59D244CF0FB186D247A8F5F73EB4012FC45F869AF7C3EF89D078A744D32E351D0A3D413508CDAA1730E240ED1BA8E401C807A118E73915D47ED47AEE9BE30F 0B78693C33771EA539B9691ADEDFE79A3053F8E31F329CF18205145023464F0BEB571FB21C5A42E9B76BAAC4A67366F132CBB45DB39F908CE767CD8EF5C87C21 D76DAD7E03F8F3C3B25BDFB6AB22DDCE234B49194235BA2E59C0DAB82873B883D31927145140107ECFB6FADDA782BE235AE996BA85BEB17D61135830B7917794 59B76D7C60361C639072462A87C22BE68BE1DFC43F0C1D3352975FD42DCB44915A3BB36D46CAB103E52393F36339C0C9E28A2803ACFD92AFA0D1F48F1A26A664 B77558A52AF1B676A870DDBAE580C75E6B9EFD942DAE748F89F336A9697568971A7C9044D2C0EAAD2178D82E718070ADD7D28A280357F6B7F05EA83C536BE29B 0B59AE34F9ADD219E4890B793221382D8E8082307D41F6AA9FB4378B61F885E10F085F69165A86F57944EAF6AEAAB2B22651588C3E369FBB9ED9C668A2803A1F 165C79FF00B29E97A524179FDA58820FB335ACAAE5D240CD80579007F174F7AC2F00C1ADAFECD5E2FD2B4786F62D645FF9F25BAC4E92B5BB084315E39042B838 EC08EF45140189E18BF17DFB39788FC3163A66A32EB115EADDCA22B4765F2C3C64B16030080A460F3C7A671D87C13BE82D7F673F1CD94E645BB6376AB1794C59 8CB6E88800039CB023F0A28A00ADFB23B9D0354F131D6A1B8B2125AC72219A1750CB1972F8E3B0238EB5CE7ECF65F44F8C126A3AB5BDD59D8C915C2ACF35BBAA E5B91CE38CE3BD145007FFD9 US news Trump considers federal abortion ban a vote-loser and is unlikely to support one Hugo Lowell and Lauren Gambino 1,085 words 20 April 2023 13:25 GMT The Guardian GRDN English \'00\'A9 Copyright 2023. The Guardian. All rights reserved. Allies say Trump believes states should rule on reproductive rights and that support for federal ban could cost him 2024 election Donald Trump considers a federal abortion ban a losing proposal for Republicans as the party prepares to enter the first presidential election since the supreme court \'20\'19s decision to overturn Roe v Wade \'20\'13 and is unlikely to support such a policy, according to people close to him. The former president has told allies in recent days that his gut feeling remains leaving the matter of reproductive rights to the states \'20\'13 following the court \'20\'19s reasoning in Dobbs v Jackson Women \'20\'19s Health Organization that ended 50 years of federal abortion protections. But Trump \'20\'19s crystallizing stance appears to be, in essence, a recognition that a federal abortion ban could cost him in the 2024 election should he become the Republican nominee, mainly because",,,,,,,,,,,,
8,GUARDIAN,post_dobbs,2023-07-13,Confuse and mislead: US anti- abortion groups \'20\'19 strategy to soften extreme bans,news,953,0,supreme_court_ruling,1,0,0,0,0,0,0,1,0,0,5,0,0,1,"7F017C5161A7DD9B7D42F2FAE628AE0BB2947682201B70E78F6A067D19B8671919F4A5AF9ABE35E89E0FD0FE0DBE9FA35D58DDEB7A64D0B1BA47592E8C85C076 918658672DC138E001D054FF000C354BEF13FECCDE26935ABCBBB89F4C5BC5B79C5C3A483CB80489975209C16E849180074A00FA337AEE65DCBB94648CF20536 09E1B852D04B1CAA0E09460C01FC2BE3EFD977C33A778CA7F1659F887ED5716AD0C0CF1A5D49107625F96DAC3763B0391CF4A87F6539E7B1F8BF77A7C13482D6 4B59D244CF0FB186D247A8F5F73EB4012FC45F869AF7C3EF89D078A744D32E351D0A3D413508CDAA1730E240ED1BA8E401C807A118E73915D47ED47AEE9BE30F 0B78693C33771EA539B9691ADEDFE79A3053F8E31F329CF18205145023464F0BEB571FB21C5A42E9B76BAAC4A67366F132CBB45DB39F908CE767CD8EF5C87C21 D76DAD7E03F8F3C3B25BDFB6AB22DDCE234B49194235BA2E59C0DAB82873B883D31927145140107ECFB6FADDA782BE235AE996BA85BEB17D61135830B7917794 59B76D7C60361C639072462A87C22BE68BE1DFC43F0C1D3352975FD42DCB44915A3BB36D46CAB103E52393F36339C0C9E28A2803ACFD92AFA0D1F48F1A26A664 B77558A52AF1B676A870DDBAE580C75E6B9EFD942DAE748F89F336A9697568971A7C9044D2C0EAAD2178D82E718070ADD7D28A280357F6B7F05EA83C536BE29B 0B59AE34F9ADD219E4890B793221382D8E8082307D41F6AA9FB4378B61F885E10F085F69165A86F57944EAF6AEAAB2B22651588C3E369FBB9ED9C668A2803A1F 165C79FF00B29E97A524179FDA58820FB335ACAAE5D240CD80579007F174F7AC2F00C1ADAFECD5E2FD2B4786F62D645FF9F25BAC4E92B5BB084315E39042B838 EC08EF45140189E18BF17DFB39788FC3163A66A32EB115EADDCA22B4765F2C3C64B16030080A460F3C7A671D87C13BE82D7F673F1CD94E645BB6376AB1794C59 8CB6E88800039CB023F0A28A00ADFB23B9D0354F131D6A1B8B2125AC72219A1750CB1972F8E3B0238EB5CE7ECF65F44F8C126A3AB5BDD59D8C915C2ACF35BBAA E5B91CE38CE3BD145007FFD9 US news Confuse and mislead: US anti- abortion groups \'20\'19 strategy to soften extreme bans Ava Sasani 825 words 13 July 2023 16:25 GMT The Guardian GRDN English \'00\'A9 Copyright 2023. The Guardian. All rights reserved. Critics decry \'20\'18vague language and misinformation \'20\'19 as Susan B Anthony claims US does not have true \'20\'18bans \'20\'19 since exceptions exist In the year since the US supreme court ruled there is no constitutional right to abortion , the anti- abortion movement is still struggling to define a cohesive vision of post-Roe America. Now they are employing a new strategy: use confusing or misleading language to repackage and soften the more extreme types of abortion restrictions. A recent example appeared in the Hill, where Marjorie Dannenfelser, president of Susan B Anthony Pro-Life America, one of the most powerful anti- abortion groups in the country, wrote an opinion column arguing that the United States does not actually have any abortion \'20\'1Cbans \'20\'1D. Even states with the strictest abortion laws have some \'20\'1Cexceptions \'20\'1D, Dannenfelser wrote, so there are no true \'20\'1Cbans \'20\'1D on the procedure. \'20\'1CThe anti- abortion movement is fueled",,,,,,,,,,,,
9,GUARDIAN,post_dobbs,2024-01-10,"Do pregnant women have a right to urgent medical care? No, according to a US court",Opinion,1197,1,federal_executive,0,0,0,0,0,0,0,0,0,0,4,0,1,3,"a Texas law that allows the state to push pregnant patients to the brink of death before allowing medically necessary abortion Do doctors have an obligation under federal law to keep their patients alive, even if their patients happen to be pregnant women? Do doctors have an obligation to prevent maiming \'20\'13 or irreversible organ damage, or other kinds of serious bodily harm \'20\'13 and if so, does that obligation extend even to women? Do women have a right to access medically necessary care even if they are pregnant? No, according to the US fifth circuit court. That \'20\'19s the \* HYPERLINK ""https://storage.courtlistener.com/recap/gov.uscourts.ca5.212720/gov.uscourts.ca5.212720.134.1.pdf"" conclusion reached by a three-judge panel recently in Texas v Becerra, a case in which Texas sued the Biden administration over guidance that directed all hospitals receiving federal funds to perform \'20\'1Cnecessary stabilizing treatment \'20\'1D on patients \'20\'13 including abortions on pregnant patients undergoing medical emergencies. The federal guidance, the Biden administration argued, trumped state laws under the supremacy clause. But Texas said that the guidance conflicted with its own total abortion ban, which provides only a vague and effectively inaccessible medical exemption in cases where the life (not merely the health) of the pregnant woman is",,,,,,,,,,,,
10,GUARDIAN,post_dobbs,2024-03-26,How the abortion pill case at the supreme court could undo the FDA,world,1400,0,patient_medical_case,0,0,0,0,1,0,0,0,0,0,0,0,1,1,"7D17F0DB53F8A5A568563E1FD5BC176B2BDA46B6F16A536A91C7188D4614BAA8766C0C7DDE4E3F1AC8FDA53C6BE2AF06E9DA04BA0EBA9035E878AE4416F195DE 8172CA583328258F1938F5AF29F8D3A96B7E11D23C3FF0DA2D47FD1F4FB4DF76D6CCC8B7324923B007B950A578E9927D05745FB53785749F0A7857C1765A458D B5B9884B0C92C71057976AC7CBB019639C9E7D4D007A83EABE33D4FF00675D3752F0CCD35D789A7B58DDE5015A5652DF3950782D8FEB8E715D2FC0F97C5D2F81 226F1F2C8355F3DC47E7002530E06DF300E8D9DDD79C6335E4DE2F5787F64DD02FEDEE6EEDEEADA08046D05CC91021E40AC195480DC7F781C76AB7FB37D85F6B 7F017C5161A7DD9B7D42F2FAE628AE0BB2947682201B70E78F6A067D19B8671919F4A5AF9ABE35E89E0FD0FE0DBE9FA35D58DDEB7A64D0B1BA47592E8C85C076 918658672DC138E001D054FF000C354BEF13FECCDE26935ABCBBB89F4C5BC5B79C5C3A483CB80489975209C16E849180074A00FA337AEE65DCBB94648CF20536 09E1B852D04B1CAA0E09460C01FC2BE3EFD977C33A778CA7F1659F887ED5716AD0C0CF1A5D49107625F96DAC3763B0391CF4A87F6539E7B1F8BF77A7C13482D6 4B59D244CF0FB186D247A8F5F73EB4012FC45F869AF7C3EF89D078A744D32E351D0A3D413508CDAA1730E240ED1BA8E401C807A118E73915D47ED47AEE9BE30F 0B78693C33771EA539B9691ADEDFE79A3053F8E31F329CF18205145023464F0BEB571FB21C5A42E9B76BAAC4A67366F132CBB45DB39F908CE767CD8EF5C87C21 D76DAD7E03F8F3C3B25BDFB6AB22DDCE234B49194235BA2E59C0DAB82873B883D31927145140107ECFB6FADDA782BE235AE996BA85BEB17D61135830B7917794 59B76D7C60361C639072462A87C22BE68BE1DFC43F0C1D3352975FD42DCB44915A3BB36D46CAB103E52393F36339C0C9E28A2803ACFD92AFA0D1F48F1A26A664 B77558A52AF1B676A870DDBAE580C75E6B9EFD942DAE748F89F336A9697568971A7C9044D2C0EAAD2178D82E718070ADD7D28A280357F6B7F05EA83C536BE29B 0B59AE34F9ADD219E4890B793221382D8E8082307D41F6AA9FB4378B61F885E10F085F69165A86F57944EAF6AEAAB2B22651588C3E369FBB9ED9C668A2803A1F 165C79FF00B29E97A524179FDA58820FB335ACAAE5D240CD80579007F174F7AC2F00C1ADAFECD5E2FD2B4786F62D645FF9F25BAC4E92B5BB084315E39042B838 EC08EF45140189E18BF17DFB39788FC3163A66A32EB115EADDCA22B4765F2C3C64B16030080A460F3C7A671D87C13BE82D7F673F1CD94E645BB6376AB1794C59 8CB6E88800039CB023F0A28A00ADFB23B9D0354F131D6A1B8B2125AC72219A1750CB1972F8E3B0238EB5CE7ECF65F44F8C126A3AB5BDD59D8C915C2ACF35BBAA E5B91CE38CE3BD145007FFD9 Law How the abortion pill case at the supreme court could undo the FDA Jessica Glenza in New York 1,267 words 26 March 2024 16:11 GMT The Guardian GRDN English \'00\'A9 Copyright 2024. The Guardian. All rights reserved. The medical industry watches with trepidation as mifepristone case could have huge consequences for drug regulationExplainer: the mifepristone caseTell us: have you used an abortion pill in the US? A supreme court case about one little pill \'20\'13 mifepristone \'20\'13 has the medical and pharmaceutical world on edge. The pill, at the heart of a case that will be argued on Tuesday, is part of a two-drug regimen used to treat miscarriage and end early pregnancies. Despite a more than 20-year track record of safe real-world use, backed up by more than \* HYPERLINK ""https://www.nytimes.com/interactive/2023/04/01/health/abortion-pill-safety.html"" 100 peer-reviewed studies , a group of anti- abortion doctors is seeking to roll back US Food and Drug Administration (FDA) decisions that changed and relaxed some prescribing rules. If the doctors succeed, despite contested and in some cases \* HYPERLINK ""https://retractionwatch.com/2024/02/06/papers-used-by-judge-to-justify-abortion-pill-suspension-retracted/"" now-retracted evidence of harm , the case could",,,,,,,,,,,,
11,GUARDIAN,pre_dobbs,2021-12-02,America \'20\'19s deep political divisions play out on courthouse steps as justices hear abortion case,World,1106,0,supreme_court_ruling,0,0,0,0,0,0,0,3,1,1,0,0,0,0,"0B59AE34F9ADD219E4890B793221382D8E8082307D41F6AA9FB4378B61F885E10F085F69165A86F57944EAF6AEAAB2B22651588C3E369FBB9ED9C668A2803A1F 165C79FF00B29E97A524179FDA58820FB335ACAAE5D240CD80579007F174F7AC2F00C1ADAFECD5E2FD2B4786F62D645FF9F25BAC4E92B5BB084315E39042B838 EC08EF45140189E18BF17DFB39788FC3163A66A32EB115EADDCA22B4765F2C3C64B16030080A460F3C7A671D87C13BE82D7F673F1CD94E645BB6376AB1794C59 8CB6E88800039CB023F0A28A00ADFB23B9D0354F131D6A1B8B2125AC72219A1750CB1972F8E3B0238EB5CE7ECF65F44F8C126A3AB5BDD59D8C915C2ACF35BBAA E5B91CE38CE3BD145007FFD9 World news America \'20\'19s deep political divisions play out on courthouse steps as justices hear abortion case David Smith in Washington 1,004 words 2 December 2021 18:04 GMT The Guardian GRDN English \'00\'A9 Copyright 2021. The Guardian. All rights reserved. Supporters of abortion rights acknowledge that in many states, restrictions have already ushered in a \'20\'18post-Roe world \'20\'19 Hannah Wolfe, 24, brandished a rubber model that she said depicted a 16-week-old foetus. \'20\'1CIt \'20\'19s important for people to see the humanity of a child in the womb, \'20\'1D she said. \'20\'1CYou can see the fingers, you can see the toes, you can detect a heartbeat at this stage. \'20\'1D Wolfe was among the anti- abortion protesters who turned out in force at the supreme court on Wednesday with a sense that victory is finally within reach. In contrast to the sombre arguments being heard in the ornate, marble-clad court, in the streets below the air filled with a cacophony of speeches, shouts, chants and songs from activists on both sides. Wolfe and fellow members of Students for Life of America held a banner that said, \'20\'1CReverse Roe now, \'20\'1D urging the highest court \'20\'19s conservative",,,,,,,,,,,,
12,GUARDIAN,pre_dobbs,2022-03-25,"Are women \'20\'19s bodies private property? In Idaho, apparently they are",Opinion,1127,1,supreme_court_ruling,0,1,0,0,1,0,0,0,1,0,2,0,1,0,"GMT The Guardian GRDN English \'00\'A9 Copyright 2022. The Guardian. All rights reserved. Governor Brad Little signed SB1309, banning all abortions after six weeks \'20\'19 gestational age \'20\'13 and it is enforced not through state action, but private lawsuits If there was any doubt that Roe v Wade has been nullified, Idaho \'20\'19s governor, Brad Little , put an end to it on Wednesday, when he signed \* HYPERLINK ""https://legislature.idaho.gov/wp-content/uploads/sessioninfo/2022/legislation/S1309.pdf"" SB1309 , known officially as the Fetal Heartbeat Preborn Child Protection Act, into law. Like Texas \'20\'19 SB8, Idaho \'20\'19s new law bans all abortions after six weeks \'20\'19 gestational age, in plain violation of Roe. But like SB8, the law may well be able to go into effect as scheduled next month, because it is enforced not through state action, but through private lawsuits. The supreme court is likely to overturn Roe this summer anyway, in the widely anticipated Dobbs v Jackson ruling. But almost all abortions have been illegal in Texas since September, when the court gave its blessing to SB8 \'20\'19s private enforcement provision and allowed the law to go into effect. Since the court gave the nod to SB8, other Republican-controlled states have rushed to pass",,,,,,,,,,,,
13,GUARDIAN,pre_dobbs,2022-03-04,Blue states seek to protect abortion rights before supreme court decision,news,1514,0,supreme_court_ruling,0,0,1,0,1,0,0,0,0,11,6,0,1,0,"7F017C5161A7DD9B7D42F2FAE628AE0BB2947682201B70E78F6A067D19B8671919F4A5AF9ABE35E89E0FD0FE0DBE9FA35D58DDEB7A64D0B1BA47592E8C85C076 918658672DC138E001D054FF000C354BEF13FECCDE26935ABCBBB89F4C5BC5B79C5C3A483CB80489975209C16E849180074A00FA337AEE65DCBB94648CF20536 09E1B852D04B1CAA0E09460C01FC2BE3EFD977C33A778CA7F1659F887ED5716AD0C0CF1A5D49107625F96DAC3763B0391CF4A87F6539E7B1F8BF77A7C13482D6 4B59D244CF0FB186D247A8F5F73EB4012FC45F869AF7C3EF89D078A744D32E351D0A3D413508CDAA1730E240ED1BA8E401C807A118E73915D47ED47AEE9BE30F 0B78693C33771EA539B9691ADEDFE79A3053F8E31F329CF18205145023464F0BEB571FB21C5A42E9B76BAAC4A67366F132CBB45DB39F908CE767CD8EF5C87C21 D76DAD7E03F8F3C3B25BDFB6AB22DDCE234B49194235BA2E59C0DAB82873B883D31927145140107ECFB6FADDA782BE235AE996BA85BEB17D61135830B7917794 59B76D7C60361C639072462A87C22BE68BE1DFC43F0C1D3352975FD42DCB44915A3BB36D46CAB103E52393F36339C0C9E28A2803ACFD92AFA0D1F48F1A26A664 B77558A52AF1B676A870DDBAE580C75E6B9EFD942DAE748F89F336A9697568971A7C9044D2C0EAAD2178D82E718070ADD7D28A280357F6B7F05EA83C536BE29B 0B59AE34F9ADD219E4890B793221382D8E8082307D41F6AA9FB4378B61F885E10F085F69165A86F57944EAF6AEAAB2B22651588C3E369FBB9ED9C668A2803A1F 165C79FF00B29E97A524179FDA58820FB335ACAAE5D240CD80579007F174F7AC2F00C1ADAFECD5E2FD2B4786F62D645FF9F25BAC4E92B5BB084315E39042B838 EC08EF45140189E18BF17DFB39788FC3163A66A32EB115EADDCA22B4765F2C3C64B16030080A460F3C7A671D87C13BE82D7F673F1CD94E645BB6376AB1794C59 8CB6E88800039CB023F0A28A00ADFB23B9D0354F131D6A1B8B2125AC72219A1750CB1972F8E3B0238EB5CE7ECF65F44F8C126A3AB5BDD59D8C915C2ACF35BBAA E5B91CE38CE3BD145007FFD9 US news Blue states seek to protect abortion rights before supreme court decision Jessica Glenza 1,376 words 4 March 2022 10:02 GMT The Guardian GRDN English \'00\'A9 Copyright 2022. The Guardian. All rights reserved. An upcoming decision by the conservative-leaning court could overturn Roe v Wade and imperil abortion rights nationwide In the face of imminent threats to legal abortion in the US, lawmakers and activists in left-leaning \'20\'1Cblue \'20\'1D states are working to expand rights and access to the procedure. State-level efforts to protect the right to abortion and reduce the cost of obtaining the procedure in states such as California, Rhode Island and Vermont are, in large part, a response to a forthcoming supreme court decision which could gut abortion rights nationally. The landmark 1973 supreme court decision in Roe v Wade guaranteed pregnant people a constitutional right to obtain an abortion , invalidating dozens of state abortion bans that were in place at the time. However, many states never passed their own laws affirming a right to abortion . Now, the \* HYPERLINK ""https://www.cnn.com/2021/12/28/politics/the-year-supreme-court-conservatives-made-their-mark/index.html"" newly conservative-leaning US supreme court looks willing to gut the",,,,,,,,,,,,
14,GUARDIAN,pre_dobbs,2021-09-01,Democrats condemn supreme court for failing to block Texas abortion law,health,778,0,state_legislation,0,0,0,0,0,0,0,0,0,1,3,0,0,0,"4B59D244CF0FB186D247A8F5F73EB4012FC45F869AF7C3EF89D078A744D32E351D0A3D413508CDAA1730E240ED1BA8E401C807A118E73915D47ED47AEE9BE30F 0B78693C33771EA539B9691ADEDFE79A3053F8E31F329CF18205145023464F0BEB571FB21C5A42E9B76BAAC4A67366F132CBB45DB39F908CE767CD8EF5C87C21 D76DAD7E03F8F3C3B25BDFB6AB22DDCE234B49194235BA2E59C0DAB82873B883D31927145140107ECFB6FADDA782BE235AE996BA85BEB17D61135830B7917794 59B76D7C60361C639072462A87C22BE68BE1DFC43F0C1D3352975FD42DCB44915A3BB36D46CAB103E52393F36339C0C9E28A2803ACFD92AFA0D1F48F1A26A664 B77558A52AF1B676A870DDBAE580C75E6B9EFD942DAE748F89F336A9697568971A7C9044D2C0EAAD2178D82E718070ADD7D28A280357F6B7F05EA83C536BE29B 0B59AE34F9ADD219E4890B793221382D8E8082307D41F6AA9FB4378B61F885E10F085F69165A86F57944EAF6AEAAB2B22651588C3E369FBB9ED9C668A2803A1F 165C79FF00B29E97A524179FDA58820FB335ACAAE5D240CD80579007F174F7AC2F00C1ADAFECD5E2FD2B4786F62D645FF9F25BAC4E92B5BB084315E39042B838 EC08EF45140189E18BF17DFB39788FC3163A66A32EB115EADDCA22B4765F2C3C64B16030080A460F3C7A671D87C13BE82D7F673F1CD94E645BB6376AB1794C59 8CB6E88800039CB023F0A28A00ADFB23B9D0354F131D6A1B8B2125AC72219A1750CB1972F8E3B0238EB5CE7ECF65F44F8C126A3AB5BDD59D8C915C2ACF35BBAA E5B91CE38CE3BD145007FFD9 Law Democrats condemn supreme court for failing to block Texas abortion law Maya Yang 661 words 1 September 2021 20:38 GMT The Guardian GRDN English \'00\'A9 Copyright 2021. The Guardian. All rights reserved. Critics denounce law as unconstitutional and a threat to women \'20\'19s health Top Democrats across the country are condemning the US supreme court over its silence on Texas \'20\'19s latest and most extreme abortion law to date after it came into effect on Wednesday. The so-called \'20\'1CHeartbeat Act \'20\'1D, which was signed into law by Greg Abbott, the state \'20\'19s Republican governor, in May, bans abortions at six weeks and does not make exceptions for incest and rape. Furthermore, it empowers private citizens to sue any abortion provider who violates the law. Texas is the first state to ban abortion this early in pregnancy since Roe v Wade, and \* HYPERLINK ""https://www.theguardian.com/us-news/2021/aug/30/texas-abortion-law-sb8-supreme-court"" last-minute efforts to halt it through an appeal to the US supreme court by Tuesday did not succeed, as the Guardian \* HYPERLINK ""https://www.theguardian.com/us-news/2021/sep/01/texas-abortion-law-supreme-court"" reported . Democrats including Joe Biden and Hillary Clinton have criticized the supreme court for not taking up an appeal that",,,,,,,,,,,,
15,GUARDIAN,pre_dobbs,2021-12-01,Why the Mississippi abortion rights case is so important,,1297,0,supreme_court_ruling,0,0,0,0,0,0,0,0,0,6,3,0,0,1,"B5B9884B0C92C71057976AC7CBB019639C9E7D4D007A83EABE33D4FF00675D3752F0CCD35D789A7B58DDE5015A5652DF3950782D8FEB8E715D2FC0F97C5D2F81 226F1F2C8355F3DC47E7002530E06DF300E8D9DDD79C6335E4DE2F5787F64DD02FEDEE6EEDEEADA08046D05CC91021E40AC195480DC7F781C76AB7FB37D85F6B 7F017C5161A7DD9B7D42F2FAE628AE0BB2947682201B70E78F6A067D19B8671919F4A5AF9ABE35E89E0FD0FE0DBE9FA35D58DDEB7A64D0B1BA47592E8C85C076 918658672DC138E001D054FF000C354BEF13FECCDE26935ABCBBB89F4C5BC5B79C5C3A483CB80489975209C16E849180074A00FA337AEE65DCBB94648CF20536 09E1B852D04B1CAA0E09460C01FC2BE3EFD977C33A778CA7F1659F887ED5716AD0C0CF1A5D49107625F96DAC3763B0391CF4A87F6539E7B1F8BF77A7C13482D6 4B59D244CF0FB186D247A8F5F73EB4012FC45F869AF7C3EF89D078A744D32E351D0A3D413508CDAA1730E240ED1BA8E401C807A118E73915D47ED47AEE9BE30F 0B78693C33771EA539B9691ADEDFE79A3053F8E31F329CF18205145023464F0BEB571FB21C5A42E9B76BAAC4A67366F132CBB45DB39F908CE767CD8EF5C87C21 D76DAD7E03F8F3C3B25BDFB6AB22DDCE234B49194235BA2E59C0DAB82873B883D31927145140107ECFB6FADDA782BE235AE996BA85BEB17D61135830B7917794 59B76D7C60361C639072462A87C22BE68BE1DFC43F0C1D3352975FD42DCB44915A3BB36D46CAB103E52393F36339C0C9E28A2803ACFD92AFA0D1F48F1A26A664 B77558A52AF1B676A870DDBAE580C75E6B9EFD942DAE748F89F336A9697568971A7C9044D2C0EAAD2178D82E718070ADD7D28A280357F6B7F05EA83C536BE29B 0B59AE34F9ADD219E4890B793221382D8E8082307D41F6AA9FB4378B61F885E10F085F69165A86F57944EAF6AEAAB2B22651588C3E369FBB9ED9C668A2803A1F 165C79FF00B29E97A524179FDA58820FB335ACAAE5D240CD80579007F174F7AC2F00C1ADAFECD5E2FD2B4786F62D645FF9F25BAC4E92B5BB084315E39042B838 EC08EF45140189E18BF17DFB39788FC3163A66A32EB115EADDCA22B4765F2C3C64B16030080A460F3C7A671D87C13BE82D7F673F1CD94E645BB6376AB1794C59 8CB6E88800039CB023F0A28A00ADFB23B9D0354F131D6A1B8B2125AC72219A1750CB1972F8E3B0238EB5CE7ECF65F44F8C126A3AB5BDD59D8C915C2ACF35BBAA E5B91CE38CE3BD145007FFD9 World news Why the Mississippi abortion rights case is so important Jessica Glenza 955 words 1 December 2021 12:42 GMT The Guardian GRDN English \'00\'A9 Copyright 2021. The Guardian. All rights reserved. The pivotal Dobbs v Jackson Women \'20\'19s Health Organization could lead to weakening or overturning the landmark Roe v Wade On 1 December, the US supreme court is set to hear oral arguments in what has been called the most important abortion rights case in almost half a century \'20\'13 a case that could redefine reproductive rights across the country and have repercussions abroad for generations. Dobbs v Jackson Women \'20\'19s Health Organization could lead to weakening or overturning the landmark 1973 supreme court ruling, Roe v Wade, which effectively legalized abortion in the US. If that were to happen, tens of millions people of reproductive age across the country would be affected. On Wednesday, the court \'20\'19s nine justices are expected to hear from the state of Mississippi, which has argued that the court should use the case to overturn Roe, and from the state \'20\'19s last abortion clinic, which will argue",,,,,,,,,,,,
16,GUARDIAN,pre_dobbs,2022-05-04,\'20\'18We can \'20\'19t trust Scotus \'20\'19: California pledges to protect abortion rights,news,1127,0,state_legislation,0,0,1,0,1,0,1,0,0,2,0,0,0,0,"D76DAD7E03F8F3C3B25BDFB6AB22DDCE234B49194235BA2E59C0DAB82873B883D31927145140107ECFB6FADDA782BE235AE996BA85BEB17D61135830B7917794 59B76D7C60361C639072462A87C22BE68BE1DFC43F0C1D3352975FD42DCB44915A3BB36D46CAB103E52393F36339C0C9E28A2803ACFD92AFA0D1F48F1A26A664 B77558A52AF1B676A870DDBAE580C75E6B9EFD942DAE748F89F336A9697568971A7C9044D2C0EAAD2178D82E718070ADD7D28A280357F6B7F05EA83C536BE29B 0B59AE34F9ADD219E4890B793221382D8E8082307D41F6AA9FB4378B61F885E10F085F69165A86F57944EAF6AEAAB2B22651588C3E369FBB9ED9C668A2803A1F 165C79FF00B29E97A524179FDA58820FB335ACAAE5D240CD80579007F174F7AC2F00C1ADAFECD5E2FD2B4786F62D645FF9F25BAC4E92B5BB084315E39042B838 EC08EF45140189E18BF17DFB39788FC3163A66A32EB115EADDCA22B4765F2C3C64B16030080A460F3C7A671D87C13BE82D7F673F1CD94E645BB6376AB1794C59 8CB6E88800039CB023F0A28A00ADFB23B9D0354F131D6A1B8B2125AC72219A1750CB1972F8E3B0238EB5CE7ECF65F44F8C126A3AB5BDD59D8C915C2ACF35BBAA E5B91CE38CE3BD145007FFD9 US news \'20\'18We can \'20\'19t trust Scotus \'20\'19: California pledges to protect abortion rights Dani Anguiano 998 words 4 May 2022 05:01 GMT The Guardian GRDN English \'00\'A9 Copyright 2022. The Guardian. All rights reserved. Governor Gavin Newsom said an amendment is being proposed that would \'20\'18enshrine the right to choose \'20\'19 in the state \'20\'19s constitution With reproductive rights in peril across the US and a draft supreme court ruling that would overturn Roe v Wade, California is working to further enshrine abortion rights and expand access in anticipation of a surge of people seeking care from out of state. California \'20\'19s governor, Gavin Newsom , has long pledged that the state would become a \'20\'1C \* HYPERLINK ""https://www.theguardian.com/world/2021/dec/08/california-sanctuary-abortion-roe-v-wade"" sanctuary \'20\'1D for people seeking reproductive care if the supreme court were to overturn the 1973 case that guaranteed the right to abortion . After a draft ruling leaked showing the court may have decided to do just that, Newsom said he and state leaders were proposing an amendment that would \'20\'1Censhrine the right to choose \'20\'1D in California \'20\'19s constitution. State lawmakers are currently considering recommendations from a council tasked to",,,,,,,,,,,,
17,GUARDIAN,pre_dobbs,2022-04-11,Maryland expands abortion access as lawmakers override Republican governor,news,552,0,state_legislation,0,0,1,0,1,0,0,0,0,0,0,1,0,0,"8172CA583328258F1938F5AF29F8D3A96B7E11D23C3FF0DA2D47FD1F4FB4DF76D6CCC8B7324923B007B950A578E9927D05745FB53785749F0A7857C1765A458D B5B9884B0C92C71057976AC7CBB019639C9E7D4D007A83EABE33D4FF00675D3752F0CCD35D789A7B58DDE5015A5652DF3950782D8FEB8E715D2FC0F97C5D2F81 226F1F2C8355F3DC47E7002530E06DF300E8D9DDD79C6335E4DE2F5787F64DD02FEDEE6EEDEEADA08046D05CC91021E40AC195480DC7F781C76AB7FB37D85F6B 7F017C5161A7DD9B7D42F2FAE628AE0BB2947682201B70E78F6A067D19B8671919F4A5AF9ABE35E89E0FD0FE0DBE9FA35D58DDEB7A64D0B1BA47592E8C85C076 918658672DC138E001D054FF000C354BEF13FECCDE26935ABCBBB89F4C5BC5B79C5C3A483CB80489975209C16E849180074A00FA337AEE65DCBB94648CF20536 09E1B852D04B1CAA0E09460C01FC2BE3EFD977C33A778CA7F1659F887ED5716AD0C0CF1A5D49107625F96DAC3763B0391CF4A87F6539E7B1F8BF77A7C13482D6 4B59D244CF0FB186D247A8F5F73EB4012FC45F869AF7C3EF89D078A744D32E351D0A3D413508CDAA1730E240ED1BA8E401C807A118E73915D47ED47AEE9BE30F 0B78693C33771EA539B9691ADEDFE79A3053F8E31F329CF18205145023464F0BEB571FB21C5A42E9B76BAAC4A67366F132CBB45DB39F908CE767CD8EF5C87C21 D76DAD7E03F8F3C3B25BDFB6AB22DDCE234B49194235BA2E59C0DAB82873B883D31927145140107ECFB6FADDA782BE235AE996BA85BEB17D61135830B7917794 59B76D7C60361C639072462A87C22BE68BE1DFC43F0C1D3352975FD42DCB44915A3BB36D46CAB103E52393F36339C0C9E28A2803ACFD92AFA0D1F48F1A26A664 B77558A52AF1B676A870DDBAE580C75E6B9EFD942DAE748F89F336A9697568971A7C9044D2C0EAAD2178D82E718070ADD7D28A280357F6B7F05EA83C536BE29B 0B59AE34F9ADD219E4890B793221382D8E8082307D41F6AA9FB4378B61F885E10F085F69165A86F57944EAF6AEAAB2B22651588C3E369FBB9ED9C668A2803A1F 165C79FF00B29E97A524179FDA58820FB335ACAAE5D240CD80579007F174F7AC2F00C1ADAFECD5E2FD2B4786F62D645FF9F25BAC4E92B5BB084315E39042B838 EC08EF45140189E18BF17DFB39788FC3163A66A32EB115EADDCA22B4765F2C3C64B16030080A460F3C7A671D87C13BE82D7F673F1CD94E645BB6376AB1794C59 8CB6E88800039CB023F0A28A00ADFB23B9D0354F131D6A1B8B2125AC72219A1750CB1972F8E3B0238EB5CE7ECF65F44F8C126A3AB5BDD59D8C915C2ACF35BBAA E5B91CE38CE3BD145007FFD9 US news Maryland expands abortion access as lawmakers override Republican governor Nina Lakhani in New York 461 words 11 April 2022 14:11 GMT The Guardian GRDN English \'00\'A9 Copyright 2022. The Guardian. All rights reserved. Midwives, nurses and physician assistants authorised to perform abortions after lawmakers approve bill vetoed by Larry Hogan Maryland has become the 15th US state to allow health professionals other than doctors to carry out abortions, as part of a bill expanding access to reproductive rights for women. Under the new law, midwives, senior nurses and trained doctor \'20\'19s assistants will be authorised to perform medical abortions from 1 July. The bill also directs the state to ring-fence $3.5m a year for abortion -care training. The bill was vetoed by the Republican governor, Larry Hogan , but approved on Saturday with substantial majorities in the state house and senate. Hogan claimed in \* HYPERLINK ""https://governor.maryland.gov/wp-content/uploads/2022/04/UPDATED-HB-937-Abortion-Care-Access-Act-Veto.pdf"" an open letter the bill would \'20\'1Cendanger the health and lives of women \'20\'1D and \'20\'1Cset back standards for women \'20\'19s health care and safety \'20\'1D. There is no evidence that allowing advanced clinicians to",,,,,,,,,,,,
18,GUARDIAN,pre_dobbs,2022-02-11,Texas law causes abortions to drop by 60% as people seek care in other states,news,594,0,state_legislation,1,0,0,0,0,0,0,0,0,0,0,0,0,0,"B5B9884B0C92C71057976AC7CBB019639C9E7D4D007A83EABE33D4FF00675D3752F0CCD35D789A7B58DDE5015A5652DF3950782D8FEB8E715D2FC0F97C5D2F81 226F1F2C8355F3DC47E7002530E06DF300E8D9DDD79C6335E4DE2F5787F64DD02FEDEE6EEDEEADA08046D05CC91021E40AC195480DC7F781C76AB7FB37D85F6B 7F017C5161A7DD9B7D42F2FAE628AE0BB2947682201B70E78F6A067D19B8671919F4A5AF9ABE35E89E0FD0FE0DBE9FA35D58DDEB7A64D0B1BA47592E8C85C076 918658672DC138E001D054FF000C354BEF13FECCDE26935ABCBBB89F4C5BC5B79C5C3A483CB80489975209C16E849180074A00FA337AEE65DCBB94648CF20536 09E1B852D04B1CAA0E09460C01FC2BE3EFD977C33A778CA7F1659F887ED5716AD0C0CF1A5D49107625F96DAC3763B0391CF4A87F6539E7B1F8BF77A7C13482D6 4B59D244CF0FB186D247A8F5F73EB4012FC45F869AF7C3EF89D078A744D32E351D0A3D413508CDAA1730E240ED1BA8E401C807A118E73915D47ED47AEE9BE30F 0B78693C33771EA539B9691ADEDFE79A3053F8E31F329CF18205145023464F0BEB571FB21C5A42E9B76BAAC4A67366F132CBB45DB39F908CE767CD8EF5C87C21 D76DAD7E03F8F3C3B25BDFB6AB22DDCE234B49194235BA2E59C0DAB82873B883D31927145140107ECFB6FADDA782BE235AE996BA85BEB17D61135830B7917794 59B76D7C60361C639072462A87C22BE68BE1DFC43F0C1D3352975FD42DCB44915A3BB36D46CAB103E52393F36339C0C9E28A2803ACFD92AFA0D1F48F1A26A664 B77558A52AF1B676A870DDBAE580C75E6B9EFD942DAE748F89F336A9697568971A7C9044D2C0EAAD2178D82E718070ADD7D28A280357F6B7F05EA83C536BE29B 0B59AE34F9ADD219E4890B793221382D8E8082307D41F6AA9FB4378B61F885E10F085F69165A86F57944EAF6AEAAB2B22651588C3E369FBB9ED9C668A2803A1F 165C79FF00B29E97A524179FDA58820FB335ACAAE5D240CD80579007F174F7AC2F00C1ADAFECD5E2FD2B4786F62D645FF9F25BAC4E92B5BB084315E39042B838 EC08EF45140189E18BF17DFB39788FC3163A66A32EB115EADDCA22B4765F2C3C64B16030080A460F3C7A671D87C13BE82D7F673F1CD94E645BB6376AB1794C59 8CB6E88800039CB023F0A28A00ADFB23B9D0354F131D6A1B8B2125AC72219A1750CB1972F8E3B0238EB5CE7ECF65F44F8C126A3AB5BDD59D8C915C2ACF35BBAA E5B91CE38CE3BD145007FFD9 US news Texas law causes abortions to drop by 60% as people seek care in other states Guardian staff and agency 517 words 11 February 2022 00:42 GMT The Guardian GRDN English \'00\'A9 Copyright 2022. The Guardian. All rights reserved. State data showed procedures went from 5,400 to 2,200 in the month after the near-total ban was enacted in September Abortions performed by registered providers in Texas fell by 60% in the first month after the state passed the most restrictive abortion law in the US in decades, according to new figures. Nearly 2,200 abortions were reported by Texas providers in September after a new law took effect that bans the procedure once cardiac activity is detected, usually around six weeks of pregnancy and when many do not know they are pregnant. The law is without exception in cases of rape or incest. The figures were released this month by the Texas health and human services commission. In August, there had been more than 5,400 abortions statewide. State health officials said more data will be released on a monthly basis. The numbers offer a fuller",,,,,,,,,,,,
19,GUARDIAN,pre_dobbs,2021-07-09,"\'20\'18Radicalized \'20\'19 anti- abortion movement poses increased threat, US warned",World,761,0,supreme_court_ruling,0,0,1,0,0,0,0,0,0,0,1,0,1,0,"B5B9884B0C92C71057976AC7CBB019639C9E7D4D007A83EABE33D4FF00675D3752F0CCD35D789A7B58DDE5015A5652DF3950782D8FEB8E715D2FC0F97C5D2F81 226F1F2C8355F3DC47E7002530E06DF300E8D9DDD79C6335E4DE2F5787F64DD02FEDEE6EEDEEADA08046D05CC91021E40AC195480DC7F781C76AB7FB37D85F6B 7F017C5161A7DD9B7D42F2FAE628AE0BB2947682201B70E78F6A067D19B8671919F4A5AF9ABE35E89E0FD0FE0DBE9FA35D58DDEB7A64D0B1BA47592E8C85C076 918658672DC138E001D054FF000C354BEF13FECCDE26935ABCBBB89F4C5BC5B79C5C3A483CB80489975209C16E849180074A00FA337AEE65DCBB94648CF20536 09E1B852D04B1CAA0E09460C01FC2BE3EFD977C33A778CA7F1659F887ED5716AD0C0CF1A5D49107625F96DAC3763B0391CF4A87F6539E7B1F8BF77A7C13482D6 4B59D244CF0FB186D247A8F5F73EB4012FC45F869AF7C3EF89D078A744D32E351D0A3D413508CDAA1730E240ED1BA8E401C807A118E73915D47ED47AEE9BE30F 0B78693C33771EA539B9691ADEDFE79A3053F8E31F329CF18205145023464F0BEB571FB21C5A42E9B76BAAC4A67366F132CBB45DB39F908CE767CD8EF5C87C21 D76DAD7E03F8F3C3B25BDFB6AB22DDCE234B49194235BA2E59C0DAB82873B883D31927145140107ECFB6FADDA782BE235AE996BA85BEB17D61135830B7917794 59B76D7C60361C639072462A87C22BE68BE1DFC43F0C1D3352975FD42DCB44915A3BB36D46CAB103E52393F36339C0C9E28A2803ACFD92AFA0D1F48F1A26A664 B77558A52AF1B676A870DDBAE580C75E6B9EFD942DAE748F89F336A9697568971A7C9044D2C0EAAD2178D82E718070ADD7D28A280357F6B7F05EA83C536BE29B 0B59AE34F9ADD219E4890B793221382D8E8082307D41F6AA9FB4378B61F885E10F085F69165A86F57944EAF6AEAAB2B22651588C3E369FBB9ED9C668A2803A1F 165C79FF00B29E97A524179FDA58820FB335ACAAE5D240CD80579007F174F7AC2F00C1ADAFECD5E2FD2B4786F62D645FF9F25BAC4E92B5BB084315E39042B838 EC08EF45140189E18BF17DFB39788FC3163A66A32EB115EADDCA22B4765F2C3C64B16030080A460F3C7A671D87C13BE82D7F673F1CD94E645BB6376AB1794C59 8CB6E88800039CB023F0A28A00ADFB23B9D0354F131D6A1B8B2125AC72219A1750CB1972F8E3B0238EB5CE7ECF65F44F8C126A3AB5BDD59D8C915C2ACF35BBAA E5B91CE38CE3BD145007FFD9 World news \'20\'18Radicalized \'20\'19 anti- abortion movement poses increased threat, US warned Jessica Glenza 649 words 9 July 2021 11:15 GMT The Guardian GRDN English \'00\'A9 Copyright 2021. The Guardian. All rights reserved. Comments from Anu Kumar of reproductive rights group Ipas come as militant anti- abortion groups gain legislative influence The president and chief executive of an international reproductive rights non-profit has warned that the American anti- abortion movement has significantly radicalized and is working to spread its ideology around the world. The comments came as \* HYPERLINK ""https://www.theguardian.com/us-news/2021/jul/06/anti-abortion-activists-operation-save-america"" pro-gun anti- abortion theocratic militant groups who seek to prosecute women who have abortions under murder statutes have gained increasing \* HYPERLINK ""https://www.theguardian.com/us-news/2021/jul/06/anti-abortion-activists-operation-save-america"" legislative influence in the US. \'20\'1CIn the 90s we saw groups like Operation Rescue and Operation Save America, and they were quite violent, \'20\'1D said Anu Kumar of \* HYPERLINK ""https://www.ipas.org/about-us/"" Ipas , an international non-governmental organization that works to expand access to contraception and abortion . \'20\'1CThis recent uptick is really an even more radicalized version of what we saw back then, and in some ways it \'20\'19s not your mother",,,,,,,,,,,,
20,GUARDIAN,pre_dobbs,2022-05-16,UN official on Roe v Wade: reversal would \'20\'18give legitimacy to growing anti-women \'20\'19s rights \'20\'19,World,1069,0,state_legislation,0,0,0,0,0,0,0,0,0,5,1,1,0,0,"Copyright 2022. The Guardian. All rights reserved. Special rapporteur Dr Tlaleng Mofokeng urges the US supreme court not to reverse abortion rights, which speak to who owns women \'20\'19s bodies in society The United Nations special rapporteur on the right to health, one of the international body \'20\'19s most important human rights advocates, has urged the US supreme court not to end federal protections for abortion rights in America. The comments from the special rapporteur, Dr Tlaleng Mofokeng, come after a leaked supreme court draft opinion showed a majority of the court \'20\'19s conservative justices support overturning the nearly 50-year-old precedent in Roe v Wade. The 1973 decision provided federal protections for abortion rights, and invalidated dozens of state abortion bans. It also became a beacon for the global feminist movement, which over the next five decades helped liberalize abortion laws across dozens of countries, including most recently in Latin America, and enshrine the right to abortion in international human rights law. The right to abortion , \'20\'1Cspeaks directly to women and girls, who are often in many societies not seen as people \'20\'1D, Mofokeng said in an interview with the Guardian. The right to abortion speaks to who owns",,,,,,,,,,,,
21,GUARDIAN,trump_ii,2026-06-08,A religious hospital denied her a life-saving drug during an ectopic pregnancy. She lost her fertility,,1507,0,patient_medical_case,1,1,0,1,0,0,1,0,0,0,2,2,0,1,"her life \'20\'13 and, after the delay in care, she lost her fertility, she says in a new \* HYPERLINK ""https://abortioninamerica.org/wp-content/uploads/2026/06/Perrone-v-Coll.pdf"" lawsuit filed Monday. All of this happened in Illinois, a top destination for abortion care, where reproductive rights are enshrined in law and medical providers are required to offer emergency care regardless of religious beliefs. \'20\'1CWhat is so shocking about her situation is that it happened in a state where abortion is supposed to be among the most protected, where it is supposed to be the most accessible, \'20\'1D said Molly Duane , litigation director of Amplify Legal, which is involved in Perrone \'20\'19s lawsuit. \'20\'1CNotwithstanding these protections against state actors, you still have religiously affiliated hospitals like Advocate Good Shepherd that are effectively administering shadow abortion bans everywhere in the country. \'20\'1D When Perrone felt the pain and saw the blood, she immediately suspected she was having another ectopic pregnancy. Years before, she \'20\'19d lost her right fallopian tube with the first ectopic pregnancy, but she was able to act quickly with the second and save her left fallopian tube by getting the medication methotrexate. The third time she felt the symptoms, she knew she needed to act",,,,,,,,,,,,
22,GUARDIAN,trump_ii,2025-02-20,Prayer and prosecutions: the US \'20\'18hate group \'20\'19 waging war over Britain \'20\'19s abortion clinic buffer zones,World,1968,0,state_legislation,0,0,1,0,0,0,0,0,0,0,0,0,0,0,"0B59AE34F9ADD219E4890B793221382D8E8082307D41F6AA9FB4378B61F885E10F085F69165A86F57944EAF6AEAAB2B22651588C3E369FBB9ED9C668A2803A1F 165C79FF00B29E97A524179FDA58820FB335ACAAE5D240CD80579007F174F7AC2F00C1ADAFECD5E2FD2B4786F62D645FF9F25BAC4E92B5BB084315E39042B838 EC08EF45140189E18BF17DFB39788FC3163A66A32EB115EADDCA22B4765F2C3C64B16030080A460F3C7A671D87C13BE82D7F673F1CD94E645BB6376AB1794C59 8CB6E88800039CB023F0A28A00ADFB23B9D0354F131D6A1B8B2125AC72219A1750CB1972F8E3B0238EB5CE7ECF65F44F8C126A3AB5BDD59D8C915C2ACF35BBAA E5B91CE38CE3BD145007FFD9 World news Prayer and prosecutions: the US \'20\'18hate group \'20\'19 waging war over Britain \'20\'19s abortion clinic buffer zones Shanti Das 1,842 words 20 February 2025 18:47 GMT The Guardian GRDN English \'00\'A9 Copyright 2025. The Guardian. All rights reserved. Anti- abortion campaigners cheer as JD Vance brands safe zones an attack on \'20\'18liberties of religious Britons \'20\'19 Rachael Clarke remembers life before buffer zones. Almost every day, the head of staff at the UK \'20\'19s biggest abortion provider would get emails from staff worried about protesters outside clinics \'20\'13 and women crying in the waiting room. Some of the protesters had huge placards with graphic images of foetuses. Others held candlelit vigils and said prayers. One scattered baby clothes in the bushes. \'20\'1CWe had every \'00\'ADthing from people telling women that having an abortion was putting their baby in a meat grinder to people following nurses down the road in the dark telling them they were killing babies, \'20\'1D says Clarke. Since \* HYPERLINK ""https://www.theguardian.com/world/2022/oct/11/buffer-zone-to-be-set-up-outside-bournemouth-abortion-clinic"" buffer zones were rolled out nationally late last year \'20\'13 building on public space protection orders that were already in place outside some clinics \'20\'13 she says things have",,,,,,,,,,,,
23,GUARDIAN,trump_ii,2025-03-05,Key court hearing as Alabama threatens prosecutions over abortion support,news,1106,0,federal_executive,1,0,0,0,1,0,1,0,0,4,1,4,0,0,"4B59D244CF0FB186D247A8F5F73EB4012FC45F869AF7C3EF89D078A744D32E351D0A3D413508CDAA1730E240ED1BA8E401C807A118E73915D47ED47AEE9BE30F 0B78693C33771EA539B9691ADEDFE79A3053F8E31F329CF18205145023464F0BEB571FB21C5A42E9B76BAAC4A67366F132CBB45DB39F908CE767CD8EF5C87C21 D76DAD7E03F8F3C3B25BDFB6AB22DDCE234B49194235BA2E59C0DAB82873B883D31927145140107ECFB6FADDA782BE235AE996BA85BEB17D61135830B7917794 59B76D7C60361C639072462A87C22BE68BE1DFC43F0C1D3352975FD42DCB44915A3BB36D46CAB103E52393F36339C0C9E28A2803ACFD92AFA0D1F48F1A26A664 B77558A52AF1B676A870DDBAE580C75E6B9EFD942DAE748F89F336A9697568971A7C9044D2C0EAAD2178D82E718070ADD7D28A280357F6B7F05EA83C536BE29B 0B59AE34F9ADD219E4890B793221382D8E8082307D41F6AA9FB4378B61F885E10F085F69165A86F57944EAF6AEAAB2B22651588C3E369FBB9ED9C668A2803A1F 165C79FF00B29E97A524179FDA58820FB335ACAAE5D240CD80579007F174F7AC2F00C1ADAFECD5E2FD2B4786F62D645FF9F25BAC4E92B5BB084315E39042B838 EC08EF45140189E18BF17DFB39788FC3163A66A32EB115EADDCA22B4765F2C3C64B16030080A460F3C7A671D87C13BE82D7F673F1CD94E645BB6376AB1794C59 8CB6E88800039CB023F0A28A00ADFB23B9D0354F131D6A1B8B2125AC72219A1750CB1972F8E3B0238EB5CE7ECF65F44F8C126A3AB5BDD59D8C915C2ACF35BBAA E5B91CE38CE3BD145007FFD9 US news Key court hearing as Alabama threatens prosecutions over abortion support Carter Sherman 991 words 5 March 2025 15:07 GMT The Guardian GRDN English \'00\'A9 Copyright 2025. The Guardian. All rights reserved. Experts say victory for state could give green light for other states to attack those who help women travel for procedure A bellwether test of states \'20\'19 ability to prosecute people over \* HYPERLINK ""https://www.theguardian.com/world/abortion"" abortions that take place across state lines faces a critical hearing on Wednesday, when Alabama abortion rights supporters square off against the state attorney general over his threats to prosecute groups that help women travel for the procedure. In the months after the US supreme court overturned Roe v Wade in 2022, clearing the way for Alabama to ban virtually all abortions, Alabama attorney general Steve Marshall repeatedly suggested that abortion rights activists who help people go out of state for abortions could be charged as participants in an illegal conspiracy. The Yellowhammer Fund, an abortion fund that helped people pay for the procedure, and the West Alabama Women \'20\'19s Center, a former abortion clinic that pivoted to providing services like miscarriage",,,,,,,,,,,,
24,GUARDIAN,trump_ii,2025-02-01,This anti- abortion leader is building on \'20\'18the ultimate victory from the supreme court \'20\'19,World,1370,0,supreme_court_ruling,0,1,0,0,1,0,0,2,0,0,2,2,0,0,"8172CA583328258F1938F5AF29F8D3A96B7E11D23C3FF0DA2D47FD1F4FB4DF76D6CCC8B7324923B007B950A578E9927D05745FB53785749F0A7857C1765A458D B5B9884B0C92C71057976AC7CBB019639C9E7D4D007A83EABE33D4FF00675D3752F0CCD35D789A7B58DDE5015A5652DF3950782D8FEB8E715D2FC0F97C5D2F81 226F1F2C8355F3DC47E7002530E06DF300E8D9DDD79C6335E4DE2F5787F64DD02FEDEE6EEDEEADA08046D05CC91021E40AC195480DC7F781C76AB7FB37D85F6B 7F017C5161A7DD9B7D42F2FAE628AE0BB2947682201B70E78F6A067D19B8671919F4A5AF9ABE35E89E0FD0FE0DBE9FA35D58DDEB7A64D0B1BA47592E8C85C076 918658672DC138E001D054FF000C354BEF13FECCDE26935ABCBBB89F4C5BC5B79C5C3A483CB80489975209C16E849180074A00FA337AEE65DCBB94648CF20536 09E1B852D04B1CAA0E09460C01FC2BE3EFD977C33A778CA7F1659F887ED5716AD0C0CF1A5D49107625F96DAC3763B0391CF4A87F6539E7B1F8BF77A7C13482D6 4B59D244CF0FB186D247A8F5F73EB4012FC45F869AF7C3EF89D078A744D32E351D0A3D413508CDAA1730E240ED1BA8E401C807A118E73915D47ED47AEE9BE30F 0B78693C33771EA539B9691ADEDFE79A3053F8E31F329CF18205145023464F0BEB571FB21C5A42E9B76BAAC4A67366F132CBB45DB39F908CE767CD8EF5C87C21 D76DAD7E03F8F3C3B25BDFB6AB22DDCE234B49194235BA2E59C0DAB82873B883D31927145140107ECFB6FADDA782BE235AE996BA85BEB17D61135830B7917794 59B76D7C60361C639072462A87C22BE68BE1DFC43F0C1D3352975FD42DCB44915A3BB36D46CAB103E52393F36339C0C9E28A2803ACFD92AFA0D1F48F1A26A664 B77558A52AF1B676A870DDBAE580C75E6B9EFD942DAE748F89F336A9697568971A7C9044D2C0EAAD2178D82E718070ADD7D28A280357F6B7F05EA83C536BE29B 0B59AE34F9ADD219E4890B793221382D8E8082307D41F6AA9FB4378B61F885E10F085F69165A86F57944EAF6AEAAB2B22651588C3E369FBB9ED9C668A2803A1F 165C79FF00B29E97A524179FDA58820FB335ACAAE5D240CD80579007F174F7AC2F00C1ADAFECD5E2FD2B4786F62D645FF9F25BAC4E92B5BB084315E39042B838 EC08EF45140189E18BF17DFB39788FC3163A66A32EB115EADDCA22B4765F2C3C64B16030080A460F3C7A671D87C13BE82D7F673F1CD94E645BB6376AB1794C59 8CB6E88800039CB023F0A28A00ADFB23B9D0354F131D6A1B8B2125AC72219A1750CB1972F8E3B0238EB5CE7ECF65F44F8C126A3AB5BDD59D8C915C2ACF35BBAA E5B91CE38CE3BD145007FFD9 World news This anti- abortion leader is building on \'20\'18the ultimate victory from the supreme court \'20\'19 Carter Sherman 1,245 words 1 February 2025 20:12 GMT The Guardian GRDN English \'00\'A9 Copyright 2025. The Guardian. All rights reserved. Erik Baptist, with Alliance Defending Freedom , has his sights set on mifepristone after the fall of Roe v Wade Dozens of anti- abortion activists streamed into the conference room of a Washington DC hotel. They jostled for seats as speakers, dotted throughout the room, blasted a song about the need to be \'20\'1Ca little more like Jesus, a little less like me \'20\'1D. By the time a trio of advocates, assembled on a dais at the front of the room, started to talk about the \'20\'1CFuture of Chemical Abortion in America \'20\'1D, the title of one of the first seminars at the National Pro-Life Summit, it was standing room only. When it was Erik Baptist \'20\'19s turn to address the crowd, he said: \'20\'1CChemical abortion is the No 1 priority and issue of our time, for the life movement, \'20\'1D using the anti- abortion movement",,,,,,,,,,,,
25,GUARDIAN,trump_ii,2025-06-05,"Women in West Virginia who miscarry could face criminal charges, prosecutor says",news,609,0,patient_medical_case,1,0,0,0,0,0,0,0,0,0,3,0,3,0,"were you just so emotionally distraught you couldn \'20\'19t do anything else? \'20\'1D <aside class=""element element-rich-link element--thumbnail""> Related: \* HYPERLINK ""https://www.theguardian.com/society/2024/jan/24/us-miscarriage-laws-abortion-rights-options"" \'20\'18I didn \'20\'19t know what I was supposed to do \'20\'19: US women who miscarry are in dangerous legal limbo post-Roe </aside> He added: \'20\'1CIf you were relieved, and you had been telling people, \'20\'18I \'20\'19d rather get ran over by a bus than have this baby, \'20\'19 that may play into law enforcement \'20\'19s thinking, too. \'20\'1D Truman said he was personally opposed to prosecuting women who miscarry, but other law enforcement officials in West Virginia had said they would be willing to do so under laws that dictate the disposal of human remains. Although West Virginia bans virtually all abortions, its ban \'20\'13 like other abortion bans in the US \'20\'13 does not penalize abortion patients but instead people who provide the procedure. To protect themselves, Truman suggested that women call law enforcement after they have a miscarriage. \'20\'1CCall your doctor. Call law enforcement, or 911, and just say, \'20\'18I miscarried. I want you to know, \'20\'19 \'20\'1D Truman said. The wave of state-level abortion bans that followed the 2022 overturning of Roe v Wade sparked fears",,,,,,,,,,,,
26,GUARDIAN,trump_ii,2025-04-26,Volunteers rush to send abortion pills to US women in need as \'20\'18war between the states \'20\'19 looms,news,2623,0,patient_medical_case,1,0,0,0,1,0,0,0,0,1,7,5,0,0,"226F1F2C8355F3DC47E7002530E06DF300E8D9DDD79C6335E4DE2F5787F64DD02FEDEE6EEDEEADA08046D05CC91021E40AC195480DC7F781C76AB7FB37D85F6B 7F017C5161A7DD9B7D42F2FAE628AE0BB2947682201B70E78F6A067D19B8671919F4A5AF9ABE35E89E0FD0FE0DBE9FA35D58DDEB7A64D0B1BA47592E8C85C076 918658672DC138E001D054FF000C354BEF13FECCDE26935ABCBBB89F4C5BC5B79C5C3A483CB80489975209C16E849180074A00FA337AEE65DCBB94648CF20536 09E1B852D04B1CAA0E09460C01FC2BE3EFD977C33A778CA7F1659F887ED5716AD0C0CF1A5D49107625F96DAC3763B0391CF4A87F6539E7B1F8BF77A7C13482D6 4B59D244CF0FB186D247A8F5F73EB4012FC45F869AF7C3EF89D078A744D32E351D0A3D413508CDAA1730E240ED1BA8E401C807A118E73915D47ED47AEE9BE30F 0B78693C33771EA539B9691ADEDFE79A3053F8E31F329CF18205145023464F0BEB571FB21C5A42E9B76BAAC4A67366F132CBB45DB39F908CE767CD8EF5C87C21 D76DAD7E03F8F3C3B25BDFB6AB22DDCE234B49194235BA2E59C0DAB82873B883D31927145140107ECFB6FADDA782BE235AE996BA85BEB17D61135830B7917794 59B76D7C60361C639072462A87C22BE68BE1DFC43F0C1D3352975FD42DCB44915A3BB36D46CAB103E52393F36339C0C9E28A2803ACFD92AFA0D1F48F1A26A664 B77558A52AF1B676A870DDBAE580C75E6B9EFD942DAE748F89F336A9697568971A7C9044D2C0EAAD2178D82E718070ADD7D28A280357F6B7F05EA83C536BE29B 0B59AE34F9ADD219E4890B793221382D8E8082307D41F6AA9FB4378B61F885E10F085F69165A86F57944EAF6AEAAB2B22651588C3E369FBB9ED9C668A2803A1F 165C79FF00B29E97A524179FDA58820FB335ACAAE5D240CD80579007F174F7AC2F00C1ADAFECD5E2FD2B4786F62D645FF9F25BAC4E92B5BB084315E39042B838 EC08EF45140189E18BF17DFB39788FC3163A66A32EB115EADDCA22B4765F2C3C64B16030080A460F3C7A671D87C13BE82D7F673F1CD94E645BB6376AB1794C59 8CB6E88800039CB023F0A28A00ADFB23B9D0354F131D6A1B8B2125AC72219A1750CB1972F8E3B0238EB5CE7ECF65F44F8C126A3AB5BDD59D8C915C2ACF35BBAA E5B91CE38CE3BD145007FFD9 US news Volunteers rush to send abortion pills to US women in need as \'20\'18war between the states \'20\'19 looms Carter Sherman 2,462 words 26 April 2025 14:01 GMT The Guardian GRDN English \'00\'A9 Copyright 2025. The Guardian. All rights reserved. Massachusetts abortion project pushes for access across country as controversial shield laws are put to legal test Seated around a circular table in a nondescript office building just outside \* HYPERLINK ""https://www.theguardian.com/us-news/boston"" Boston , the volunteers pack the \* HYPERLINK ""https://www.theguardian.com/world/abortion"" abortion pills into envelopes with practiced efficiency. Each of the volunteers \'20\'13 five women and one man \'20\'13 have a unique role in the assembly line. One volunteer drops slim, orange boxes of mifepristone, the first drug typically used in a medication abortion , into the envelopes, while another volunteer adds green-capped bottles of the second drug, misoprostol. A few volunteers add brochures on topics such as how to use abortion pills or what to do if a woman suspects she has an ectopic pregnancy. Finally, one volunteer drops small purple cards into each envelope. They all bear the same handwritten message: \'20\'1CWe wish",,,,,,,,,,,,
27,GUARDIAN,trump_ii,2025-04-04,US anti- abortion group expands campaign in UK,news,999,0,state_legislation,0,0,0,0,0,0,0,0,0,1,0,0,0,0,"8172CA583328258F1938F5AF29F8D3A96B7E11D23C3FF0DA2D47FD1F4FB4DF76D6CCC8B7324923B007B950A578E9927D05745FB53785749F0A7857C1765A458D B5B9884B0C92C71057976AC7CBB019639C9E7D4D007A83EABE33D4FF00675D3752F0CCD35D789A7B58DDE5015A5652DF3950782D8FEB8E715D2FC0F97C5D2F81 226F1F2C8355F3DC47E7002530E06DF300E8D9DDD79C6335E4DE2F5787F64DD02FEDEE6EEDEEADA08046D05CC91021E40AC195480DC7F781C76AB7FB37D85F6B 7F017C5161A7DD9B7D42F2FAE628AE0BB2947682201B70E78F6A067D19B8671919F4A5AF9ABE35E89E0FD0FE0DBE9FA35D58DDEB7A64D0B1BA47592E8C85C076 918658672DC138E001D054FF000C354BEF13FECCDE26935ABCBBB89F4C5BC5B79C5C3A483CB80489975209C16E849180074A00FA337AEE65DCBB94648CF20536 09E1B852D04B1CAA0E09460C01FC2BE3EFD977C33A778CA7F1659F887ED5716AD0C0CF1A5D49107625F96DAC3763B0391CF4A87F6539E7B1F8BF77A7C13482D6 4B59D244CF0FB186D247A8F5F73EB4012FC45F869AF7C3EF89D078A744D32E351D0A3D413508CDAA1730E240ED1BA8E401C807A118E73915D47ED47AEE9BE30F 0B78693C33771EA539B9691ADEDFE79A3053F8E31F329CF18205145023464F0BEB571FB21C5A42E9B76BAAC4A67366F132CBB45DB39F908CE767CD8EF5C87C21 D76DAD7E03F8F3C3B25BDFB6AB22DDCE234B49194235BA2E59C0DAB82873B883D31927145140107ECFB6FADDA782BE235AE996BA85BEB17D61135830B7917794 59B76D7C60361C639072462A87C22BE68BE1DFC43F0C1D3352975FD42DCB44915A3BB36D46CAB103E52393F36339C0C9E28A2803ACFD92AFA0D1F48F1A26A664 B77558A52AF1B676A870DDBAE580C75E6B9EFD942DAE748F89F336A9697568971A7C9044D2C0EAAD2178D82E718070ADD7D28A280357F6B7F05EA83C536BE29B 0B59AE34F9ADD219E4890B793221382D8E8082307D41F6AA9FB4378B61F885E10F085F69165A86F57944EAF6AEAAB2B22651588C3E369FBB9ED9C668A2803A1F 165C79FF00B29E97A524179FDA58820FB335ACAAE5D240CD80579007F174F7AC2F00C1ADAFECD5E2FD2B4786F62D645FF9F25BAC4E92B5BB084315E39042B838 EC08EF45140189E18BF17DFB39788FC3163A66A32EB115EADDCA22B4765F2C3C64B16030080A460F3C7A671D87C13BE82D7F673F1CD94E645BB6376AB1794C59 8CB6E88800039CB023F0A28A00ADFB23B9D0354F131D6A1B8B2125AC72219A1750CB1972F8E3B0238EB5CE7ECF65F44F8C126A3AB5BDD59D8C915C2ACF35BBAA E5B91CE38CE3BD145007FFD9 UK news US anti- abortion group expands campaign in UK Ben Quinn 908 words 4 April 2025 14:38 GMT The Guardian GRDN 15 English \'00\'A9 Copyright 2025. The Guardian. All rights reserved. Exclusive: Alliance Defending Freedom , which is funding case of activist Livia Tossici-Bolt, is lobbying against buffer zones around clinics A rightwing US group backing an anti- abortion campaigner whose case has become a new source of UK tensions with the Trump administration is significantly expanding activities and spending in Britain. The UK branch of Alliance Defending Freedom ( ADF ), which is funding the case of Livia Tossici-Bolt \'20\'13 who is being prosecuted for an alleged breach of a \'20\'1Cbuffer zone \'20\'1D outside a Bournemouth abortion clinic \'20\'13 increased spending on campaigning and other activities in the UK to more than \'00\'A31m last year. ADF UK \'20\'19s income was more than \'00\'A31.3m in the year up to June last year, according to records filed to Companies House on Friday. It included \'20\'1C ADF support \'20\'1D of \'00\'A31,119,975. The organisation held discussions with a delegation from the US state department, which visited",,,,,,,,,,,,
28,GUARDIAN,trump_ii,2025-10-16,Farage urged to explain anti- abortion links to meeting with Trump officials,Politics,745,0,religion,0,0,0,0,0,0,0,0,0,1,0,0,0,0,"226F1F2C8355F3DC47E7002530E06DF300E8D9DDD79C6335E4DE2F5787F64DD02FEDEE6EEDEEADA08046D05CC91021E40AC195480DC7F781C76AB7FB37D85F6B 7F017C5161A7DD9B7D42F2FAE628AE0BB2947682201B70E78F6A067D19B8671919F4A5AF9ABE35E89E0FD0FE0DBE9FA35D58DDEB7A64D0B1BA47592E8C85C076 918658672DC138E001D054FF000C354BEF13FECCDE26935ABCBBB89F4C5BC5B79C5C3A483CB80489975209C16E849180074A00FA337AEE65DCBB94648CF20536 09E1B852D04B1CAA0E09460C01FC2BE3EFD977C33A778CA7F1659F887ED5716AD0C0CF1A5D49107625F96DAC3763B0391CF4A87F6539E7B1F8BF77A7C13482D6 4B59D244CF0FB186D247A8F5F73EB4012FC45F869AF7C3EF89D078A744D32E351D0A3D413508CDAA1730E240ED1BA8E401C807A118E73915D47ED47AEE9BE30F 0B78693C33771EA539B9691ADEDFE79A3053F8E31F329CF18205145023464F0BEB571FB21C5A42E9B76BAAC4A67366F132CBB45DB39F908CE767CD8EF5C87C21 D76DAD7E03F8F3C3B25BDFB6AB22DDCE234B49194235BA2E59C0DAB82873B883D31927145140107ECFB6FADDA782BE235AE996BA85BEB17D61135830B7917794 59B76D7C60361C639072462A87C22BE68BE1DFC43F0C1D3352975FD42DCB44915A3BB36D46CAB103E52393F36339C0C9E28A2803ACFD92AFA0D1F48F1A26A664 B77558A52AF1B676A870DDBAE580C75E6B9EFD942DAE748F89F336A9697568971A7C9044D2C0EAAD2178D82E718070ADD7D28A280357F6B7F05EA83C536BE29B 0B59AE34F9ADD219E4890B793221382D8E8082307D41F6AA9FB4378B61F885E10F085F69165A86F57944EAF6AEAAB2B22651588C3E369FBB9ED9C668A2803A1F 165C79FF00B29E97A524179FDA58820FB335ACAAE5D240CD80579007F174F7AC2F00C1ADAFECD5E2FD2B4786F62D645FF9F25BAC4E92B5BB084315E39042B838 EC08EF45140189E18BF17DFB39788FC3163A66A32EB115EADDCA22B4765F2C3C64B16030080A460F3C7A671D87C13BE82D7F673F1CD94E645BB6376AB1794C59 8CB6E88800039CB023F0A28A00ADFB23B9D0354F131D6A1B8B2125AC72219A1750CB1972F8E3B0238EB5CE7ECF65F44F8C126A3AB5BDD59D8C915C2ACF35BBAA E5B91CE38CE3BD145007FFD9 Politics Farage urged to explain anti- abortion links to meeting with Trump officials Rowena Mason Whitehall editor 647 words 16 October 2025 16:30 GMT The Guardian GRDN English \'00\'A9 Copyright 2025. The Guardian. All rights reserved. Lib Dems accuse Reform leader of wanting to water down women \'20\'19s rights after reports of help from advocacy group Nigel Farage has been urged to explain why a US anti- abortion advocacy group helped arrange a meeting in London with Trump administration officials and diplomats. The meeting, \* HYPERLINK ""https://www.nytimes.com/2025/10/13/world/europe/uk-abortion-farage.html"" first reported by the New York Times , took place in March between Farage and a delegation from Trump \'20\'19s state department, which it said was overseen by the US embassy and brokered by the Alliance Defending Freedom ( ADF ) group. The meeting was said to have discussed abortion rights, free speech and online safety laws. ADF , which supports free speech and religious freedom, has worked in Britain to help challenge the prosecutions of Christians who were arrested for praying silently outside abortion clinics, breaching \'20\'1Cbuffer zones \'20\'1D. The group, which is non-politically partisan and says it",,,,,,,,,,,,
29,GUARDIAN,trump_ii,2025-02-03,Meta accused of \'20\'18bowing \'20\'19 to Trump by making abortion content harder to find,news,544,0,political_controversy,0,0,0,0,0,0,0,0,0,0,0,0,0,0,"0B78693C33771EA539B9691ADEDFE79A3053F8E31F329CF18205145023464F0BEB571FB21C5A42E9B76BAAC4A67366F132CBB45DB39F908CE767CD8EF5C87C21 D76DAD7E03F8F3C3B25BDFB6AB22DDCE234B49194235BA2E59C0DAB82873B883D31927145140107ECFB6FADDA782BE235AE996BA85BEB17D61135830B7917794 59B76D7C60361C639072462A87C22BE68BE1DFC43F0C1D3352975FD42DCB44915A3BB36D46CAB103E52393F36339C0C9E28A2803ACFD92AFA0D1F48F1A26A664 B77558A52AF1B676A870DDBAE580C75E6B9EFD942DAE748F89F336A9697568971A7C9044D2C0EAAD2178D82E718070ADD7D28A280357F6B7F05EA83C536BE29B 0B59AE34F9ADD219E4890B793221382D8E8082307D41F6AA9FB4378B61F885E10F085F69165A86F57944EAF6AEAAB2B22651588C3E369FBB9ED9C668A2803A1F 165C79FF00B29E97A524179FDA58820FB335ACAAE5D240CD80579007F174F7AC2F00C1ADAFECD5E2FD2B4786F62D645FF9F25BAC4E92B5BB084315E39042B838 EC08EF45140189E18BF17DFB39788FC3163A66A32EB115EADDCA22B4765F2C3C64B16030080A460F3C7A671D87C13BE82D7F673F1CD94E645BB6376AB1794C59 8CB6E88800039CB023F0A28A00ADFB23B9D0354F131D6A1B8B2125AC72219A1750CB1972F8E3B0238EB5CE7ECF65F44F8C126A3AB5BDD59D8C915C2ACF35BBAA E5B91CE38CE3BD145007FFD9 US news Meta accused of \'20\'18bowing \'20\'19 to Trump by making abortion content harder to find Jessica Glenza 438 words 3 February 2025 22:15 GMT The Guardian GRDN English \'00\'A9 Copyright 2025. The Guardian. All rights reserved. Democratic senator concerned after company is accused of \'20\'18shadow-banning \'20\'19 non-profits offering medication abortion Senator Ruben Gallego has accused social media giant Meta of \'20\'1Cpresumptively bowing \'20\'1D to the Trump administration by making abortion -related content more difficult to find. Meta , the parent company of Facebook and Instagram , was accused of \'20\'1C \* HYPERLINK ""https://www.theguardian.com/world/2025/jan/29/abortion-pills-instagram-shadow-banning"" shadow-banning \'20\'1D several non-profits who provide medication abortion to women in the US. \'20\'1CI am deeply concerned at the chilling effect that suppressing content related to abortion has towards women, \'20\'1D Gallego wrote in a letter sent to the company on Friday. \'20\'1CWomen around the country rely on medicated abortion as safe and effective way to address deeply personal health decisions. \'20\'1D A dozen states across the south-east and midwest \* HYPERLINK ""https://www.theguardian.com/us-news/ng-interactive/2024/jul/29/abortion-laws-bans-by-state"" ban abortion . Four states ban the procedure past six weeks of gestation, before most women know they are pregnant. Non-profits, such as Aid",,,,,,,,,,,,
30,GUARDIAN,trump_ii,2025-04-15,\'20\'18We \'20\'19re on a knife edge \'20\'19: Alex Gibney warns about the dangers of dark money,politic,2198,0,religion,0,0,0,0,0,0,0,0,0,1,0,0,0,0,"highlights the alliance that formed between big business interests seeking deregulation and social and religious conservatives, particularly on issues such abortion . He explains: \'20\'1CBig business was like, how do we play the long game so that we can get what we want, which is unfettered, unregulated capitalism? Along the way they realised it \'20\'19s not very popular to say, \'20\'18We want the right to pollute in your community because it \'20\'19ll make us more money. \'20\'19 That \'20\'19s not a good political campaign slogan. \'20\'1CThey needed a very powerful emotional issue and that was abortion and so they join forces, in a way, with anti- abortion activists and over time engineer a takeover of the supreme court by utilising both money and that religious fervour. \'20\'1D Gibney \'20\'19s star witness is Schenck, an evangelical minister and former anti- abortion lobbyist who used to denounce \'20\'1Cbaby killers \'20\'1D, bring dead foetuses to demonstrations and put his body down in front of abortion clinics. He later had a crisis of conscience, changed his mind and \* HYPERLINK ""https://www.nytimes.com/2019/05/30/opinion/abortion-schenck.html"" came to support Roe v Wade, the 1973 supreme court ruling that enshrined reproductive rights . Gibney says: \'20\'1CHe talks about how there",,,,,,,,,,,,
31,NYT,post_dobbs,2024-01-19,Missouri Could Vote on Right to Abortion,,1216,0,election_campaign,0,0,0,0,0,0,1,1,0,2,0,0,1,0,"865A110C8C2910111B1A0F80360AC102FDF81A71108C03E1078AE405F3F501F3DA7899C90D5A01074D3B1329F50B225008D13816B0E37EEE2011E320095A410D BF3B107F130418E50F731068FF100280BB0A89C1116CA002399003C0500FD94008A5B502A3E46DAD6609B20507D3A4109DC20974240856F30F1A90100C2088FE 100F877BC1BB310C43351158A061B0B103B5A7101A10553DA0BC3FA91675B040346B59F2A0101F000BFE3009EC3B107BC0AFC370A3FFD04F51A00EB16A026646 114D90047200A54770037DC099D8D8069D7207778201CEA94FE2B0069F3B1100907311A088FFC0007AE0094428117250A712F1B7C340A414B101DBFF000FAE05 00CEF00AD1CB113500068C30050000001A300E12F006A3600FD8EB0FA730B30AE10BB030029D7611BDD00CFB421107E00D6D3511A9F0A119D104E1100947C016 3050047D0047854C021B34106A500B8539103EA008AD360460C0611431059280AA3EB11CA7110BFF8911335005E4400E9B40B41A713B19031373410469F90F7D F8239B2A1205D06A02516F1BB10170900CFA0302B250014AD00B1639113B6C3814310F8870CD58D0A7F8AC11049000E260B00BD20429E508E5FC11080054A2F0 CF1FC10BFE800E1451001F9009B2D0004A900A16ECD01CBD2025709EF39102DAAA00E70B1306700E984003DADCD114A101D17804A5100202600456AAE0015D20 0783A08119700D0FCCD23EFDD31C410A71B005D15001372913083003770CD40A7100D83B085BB05AF7110DF7CCD4567DD57830054B7DD5AC910F32021B56C6D5 623DD664BD1AA8F0D5AF317165BDD66CDDD61D5100D3701F14A003BB7006BC1007F8B2C16EBDD77CDDD70CC0078160012F00038B100C5D5001BE80990CE02193 40D07DFDD8903DD60C3003203003C4CB400140094819D99CDDD96ECD00F7300D12E8D97B1D10003B National Desk; SECTA Missouri Could Vote on Right to Abortion By Kate Zernike 1,092 words 19 January 2024 The New York Times NYTF Late Edition - Final 11 English Copyright 2024 The New York Times Company. All Rights Reserved. Advocates present a united front after disagreements over how far they could go in asking voters to legalize abortion in the state. A coalition of reproductive-rights groups in Missouri kicked off a campaign on Thursday to establish a right to abortion in the state constitution, setting up the nation's next big test of public support for legalized abortion . Missouri was the first state to officially outlaw abortion after the Supreme Court overturned Roe v. Wade 18 months ago. A successful ballot measure there could make it the first state where a citizen-led initiative reverses a near-total ban. Abortion -rights supporters have prevailed on all seven ballot measures put before voters since Roe was overturned, and groups in roughly 10 other states are attempting to pass similar abortion -rights measures this year. In Missouri, though, they face a tight timeline, fierce opposition from the Republicans who control state government, and",,,,,,,,,,,,
32,NYT,post_dobbs,2024-06-14,Justices Maintain Wide Availability of Abortion Pill,,1501,0,supreme_court_ruling,0,0,1,0,0,0,1,0,0,3,0,0,1,0,"0C6F10AB5A610C622610E8B016B7809913E1017C861E4740690231069051086B0109CC3010CCA415CA6070634083FE200F11B1004AA71575C08D50FF30195C50 865A110C8C2910111B1A0F80360AC102FDF81A71108C03E1078AE405F3F501F3DA7899C90D5A01074D3B1329F50B225008D13816B0E37EEE2011E320095A410D BF3B107F130418E50F731068FF100280BB0A89C1116CA002399003C0500FD94008A5B502A3E46DAD6609B20507D3A4109DC20974240856F30F1A90100C2088FE 100F877BC1BB310C43351158A061B0B103B5A7101A10553DA0BC3FA91675B040346B59F2A0101F000BFE3009EC3B107BC0AFC370A3FFD04F51A00EB16A026646 114D90047200A54770037DC099D8D8069D7207778201CEA94FE2B0069F3B1100907311A088FFC0007AE0094428117250A712F1B7C340A414B101DBFF000FAE05 00CEF00AD1CB113500068C30050000001A300E12F006A3600FD8EB0FA730B30AE10BB030029D7611BDD00CFB421107E00D6D3511A9F0A119D104E1100947C016 3050047D0047854C021B34106A500B8539103EA008AD360460C0611431059280AA3EB11CA7110BFF8911335005E4400E9B40B41A713B19031373410469F90F7D F8239B2A1205D06A02516F1BB10170900CFA0302B250014AD00B1639113B6C3814310F8870CD58D0A7F8AC11049000E260B00BD20429E508E5FC11080054A2F0 CF1FC10BFE800E1451001F9009B2D0004A900A16ECD01CBD2025709EF39102DAAA00E70B1306700E984003DADCD114A101D17804A5100202600456AAE0015D20 0783A08119700D0FCCD23EFDD31C410A71B005D15001372913083003770CD40A7100D83B085BB05AF7110DF7CCD4567DD57830054B7DD5AC910F32021B56C6D5 623DD664BD1AA8F0D5AF317165BDD66CDDD61D5100D3701F14A003BB7006BC1007F8B2C16EBDD77CDDD70CC0078160012F00038B100C5D5001BE80990CE02193 40D07DFDD8903DD60C3003203003C4CB400140094819D99CDDD96ECD00F7300D12E8D97B1D10003B National Desk; SECTA Justices Maintain Wide Availability of Abortion Pill By Abbie VanSickle 1,404 words 14 June 2024 The New York Times NYTF Late Edition - Final 1 English Copyright 2024 The New York Times Company. All Rights Reserved. The decision does not eliminate efforts to restrict the availability of the pill. The Supreme Court on Thursday maintained access to a widely available abortion pill, rejecting a bid from a group of anti- abortion organizations and doctors to undo the Food and Drug Administration's approval of the drug. In a unanimous decision, written by Justice Brett M. Kavanaugh , the court held that the anti- abortion groups lacked a direct stake in the dispute, a requirement to challenge the F.D.A.'s approval of the pill, mifepristone. ''The plaintiffs do not prescribe or use mifepristone,'' Justice Kavanaugh wrote. ''And F.D.A. is not requiring them to do or refrain from doing anything.'' He added, ''A plaintiff 's desire to make a drug less available for others does not establish standing to sue.'' The case originally sought to erase the F.D.A.'s approval of mifepristone. But by the time it reached the Supreme",,,,,,,,,,,,
33,NYT,post_dobbs,2022-07-13,"Midterm Race Appears Tight, Polling Shows",,1651,0,election_campaign,0,0,0,0,0,0,0,0,0,4,0,0,0,0,"Reserved. Nonwhite and working-class Democrats worry more about the economy, while white college graduates focus more on cultural issues like abortion rights and guns. With President Biden's approval rating mired in the 30s and with nearly 80 percent of voters saying the country is heading in the wrong direction, all the ingredients seem to be in place for a Republican sweep in the November midterm elections. But Democrats and Republicans begin the campaign in a surprisingly close race for control of Congress, according to the first New York Times/Siena College survey of the cycle. Overall among registered voters, 41 percent said they preferred Democrats to control Congress compared with 40 percent who preferred Republican control. Among likely voters, Republicans led by one percentage point, 44 percent to 43 percent, reflecting the tendency for the party out of power to enjoy a turnout advantage in midterms. The results suggest that the wave of mass shootings and the recent Supreme Court decision to overturn Roe v. Wade have at least temporarily insulated the Democrats from an otherwise hostile national political environment while energizing the party's predominantly liberal activist base. But the confluence of economic problems and resurgent cultural issues has helped turn",,,,,,,,,,,,
34,NYT,post_dobbs,2022-11-22,The Pro-Life Camp Paid for Its Trump Bargain,Editorial,1460,1,election_campaign,0,0,0,0,0,0,0,21,1,0,1,0,0,0,"2022 The New York Times Company. All Rights Reserved. The midterms were hard for pro-life Americans. In every state where abortion referendums were on the ballot, the abortion -rights side prevailed, even in red states such as Kentucky and Montana and a swing state, Michigan. The overturning of Roe v. Wade helped keep the Senate blue. It almost stopped the Republican Party from taking the House. Exit polls indicate that abortion was just behind inflation as the most important issue for voters -- and 76 percent of those who made abortion their top issue chose Democrats. The election was further evidence of a persistent reality that pro-life Americans like me have to absorb, understand and respond to with reason, intelligence and compassion: Pro-life views are less popular than arguments for choice. The same exit polls that showed abortion was a priority for voters indicated that 59 percent of respondents said abortion should be legal in all or most cases. Only 36 percent said it should be illegal in all or most cases. The most pro-life position (illegal in all cases) was the least popular of all. A mere 10 percent of Americans agreed. I've been a pro-life activist and attorney",,,,,,,,,,,,
35,NYT,post_dobbs,2022-11-10,Five Takeaways From the Midterms (So Far),politic,1612,0,election_campaign,0,0,1,0,0,0,0,0,0,2,0,0,0,0,"embattled Democrats managed to hang on. They even knocked off a few Republicans here and there. In many tight races, abortion and Mr. Trump's looming presence may have been the G.O.P.'s undoing. ''The Democratic Party post-Trump is a much tougher, fighting party,'' said Representative Jamie Raskin , Democrat of Maryland, attributing to sheer grit the victories eked out by colleagues like Abigail Spanberger of Virginia. ''These are battle-hardened veterans who know exactly why they're in politics.'' Tuesday was by no means an unalloyed victory for either side, however. There were signs of Republican gains in working-class communities of color. And some battleground states, like North Carolina, moved further out of Democrats' reach. Gov. Ron DeSantis , Republican of Florida, even flipped the Democratic stronghold of Miami-Dade County on his way to a rout of Representative Charlie Crist . It will be days before the full results are clear, and possibly weeks. Here are the lessons of the 2022 midterms so far: The Democratic base showed up. The biggest question hanging over Democrats all year was just who, exactly, would show up to vote for them. In a typical midterm election, like 2010 and 2014, turnout drops by about 20 percentage",,,,,,,,,,,,
36,NYT,post_dobbs,2024-09-11,Ballot Issue On Abortion Is Restored In Missouri,,811,0,supreme_court_ruling,0,0,1,0,0,0,0,0,0,0,0,0,0,0,"FFE1065830102E965EFEC003234084807031F7C1039904025C800D5E5209CCD10239D50E3543272D001AB0C6A114A1ADB0310DD7882CD1C8942D20144000076C B10C9924109CC00A58607C5A11007EE00244B616B5E0069493115FA715F02010B8803254805B1600167FF3B66CC103C5E09A3AD300026006C0B51580D0190CC0 0C6F10AB5A610C622610E8B016B7809913E1017C861E4740690231069051086B0109CC3010CCA415CA6070634083FE200F11B1004AA71575C08D50FF30195C50 865A110C8C2910111B1A0F80360AC102FDF81A71108C03E1078AE405F3F501F3DA7899C90D5A01074D3B1329F50B225008D13816B0E37EEE2011E320095A410D BF3B107F130418E50F731068FF100280BB0A89C1116CA002399003C0500FD94008A5B502A3E46DAD6609B20507D3A4109DC20974240856F30F1A90100C2088FE 100F877BC1BB310C43351158A061B0B103B5A7101A10553DA0BC3FA91675B040346B59F2A0101F000BFE3009EC3B107BC0AFC370A3FFD04F51A00EB16A026646 114D90047200A54770037DC099D8D8069D7207778201CEA94FE2B0069F3B1100907311A088FFC0007AE0094428117250A712F1B7C340A414B101DBFF000FAE05 00CEF00AD1CB113500068C30050000001A300E12F006A3600FD8EB0FA730B30AE10BB030029D7611BDD00CFB421107E00D6D3511A9F0A119D104E1100947C016 3050047D0047854C021B34106A500B8539103EA008AD360460C0611431059280AA3EB11CA7110BFF8911335005E4400E9B40B41A713B19031373410469F90F7D F8239B2A1205D06A02516F1BB10170900CFA0302B250014AD00B1639113B6C3814310F8870CD58D0A7F8AC11049000E260B00BD20429E508E5FC11080054A2F0 CF1FC10BFE800E1451001F9009B2D0004A900A16ECD01CBD2025709EF39102DAAA00E70B1306700E984003DADCD114A101D17804A5100202600456AAE0015D20 0783A08119700D0FCCD23EFDD31C410A71B005D15001372913083003770CD40A7100D83B085BB05AF7110DF7CCD4567DD57830054B7DD5AC910F32021B56C6D5 623DD664BD1AA8F0D5AF317165BDD66CDDD61D5100D3701F14A003BB7006BC1007F8B2C16EBDD77CDDD70CC0078160012F00038B100C5D5001BE80990CE02193 40D07DFDD8903DD60C3003203003C4CB400140094819D99CDDD96ECD00F7300D12E8D97B1D10003B National Desk; SECTA Ballot Issue On Abortion Is Restored In Missouri By Kate Zernike 695 words 11 September 2024 The New York Times NYTF Late Edition - Final 13 English Copyright 2024 The New York Times Company. All Rights Reserved. The court ruled hours before the state's deadline for printing ballots for absentee voters, reversing the secretary of state who had invalidated the measure weeks after certifying it. The Missouri Supreme Court on Tuesday rejected a bid to strike a question on the November ballot that will ask voters whether to establish a right to abortion in the State Constitution. The seven-member court handed down its one-page ruling less than three hours before the state's deadline for printing ballots for absentee voters. The ruling capped a furious few days of legal maneuvers, as anti- abortion groups and state Republicans made a last-ditch effort to stop the ballot amendment. ''Today's decision is a victory for both direct democracy and reproductive freedom in Missouri,'' Rachel Sweet, the campaign manager for the coalition backing the measure, Missourians for Constitutional Freedom. ''This fight was not just about this amendment, it",,,,,,,,,,,,
37,NYT,post_dobbs,2023-10-25,Georgia Supreme Court Opts to Keep State's 6-Week Abortion Ban in Effect,,1044,0,supreme_court_ruling,0,1,0,0,0,1,1,2,0,1,4,1,0,0,"100F877BC1BB310C43351158A061B0B103B5A7101A10553DA0BC3FA91675B040346B59F2A0101F000BFE3009EC3B107BC0AFC370A3FFD04F51A00EB16A026646 114D90047200A54770037DC099D8D8069D7207778201CEA94FE2B0069F3B1100907311A088FFC0007AE0094428117250A712F1B7C340A414B101DBFF000FAE05 00CEF00AD1CB113500068C30050000001A300E12F006A3600FD8EB0FA730B30AE10BB030029D7611BDD00CFB421107E00D6D3511A9F0A119D104E1100947C016 3050047D0047854C021B34106A500B8539103EA008AD360460C0611431059280AA3EB11CA7110BFF8911335005E4400E9B40B41A713B19031373410469F90F7D F8239B2A1205D06A02516F1BB10170900CFA0302B250014AD00B1639113B6C3814310F8870CD58D0A7F8AC11049000E260B00BD20429E508E5FC11080054A2F0 CF1FC10BFE800E1451001F9009B2D0004A900A16ECD01CBD2025709EF39102DAAA00E70B1306700E984003DADCD114A101D17804A5100202600456AAE0015D20 0783A08119700D0FCCD23EFDD31C410A71B005D15001372913083003770CD40A7100D83B085BB05AF7110DF7CCD4567DD57830054B7DD5AC910F32021B56C6D5 623DD664BD1AA8F0D5AF317165BDD66CDDD61D5100D3701F14A003BB7006BC1007F8B2C16EBDD77CDDD70CC0078160012F00038B100C5D5001BE80990CE02193 40D07DFDD8903DD60C3003203003C4CB400140094819D99CDDD96ECD00F7300D12E8D97B1D10003B National Desk; SECTA Georgia Supreme Court Opts to Keep State's 6-Week Abortion Ban in Effect By David W. Chen 936 words 25 October 2023 The New York Times NYTF Late Edition - Final 21 English Copyright 2023 The New York Times Company. All Rights Reserved. A lower court is now expected to hear arguments on the broader question of whether the right to privacy in the state constitution protects a right to abortion . Georgia's Supreme Court upheld the state's prohibition of abortion Tuesday, rejecting arguments made by doctors and advocacy groups that the law was unconstitutional when the state legislature approved it in 2019, more than three years before the U.S. Supreme Court overturned Roe v. Wade. The ruling means that abortion remains banned in the state, with limited exceptions, after the sixth week of pregnancy -- a point when most women have not yet even realized they are pregnant. With North Carolina now banning most abortions after 12 weeks of pregnancy, South Carolina after six weeks, and Florida doing the same, pending a legal challenge, the ruling ensures that abortion will be largely inaccessible in the Deep South, forcing",,,,,,,,,,,,
38,NYT,post_dobbs,2024-03-02,Whitmer Is Showing Biden How It's Done,Editorial,1980,1,patient_medical_case,1,0,1,0,0,0,0,0,0,7,4,0,1,0,"U-shaped table, there was a flier from Whitmer's Fight Like Hell PAC, but it didn't address jobs; it was about abortion . '' Donald Trump brags that he was the one who got rid of Roe v. Wade and is marching his party toward enacting a nationwide abortion ban,'' it said. When Whitmer spoke, she made sure to hit on reproductive rights , and the economic costs of losing them. ''I know in the union hall it's maybe not the first thing we always talk about,'' she said, but when, for over half the population, ''the most important economic decision you'll make in your lifetime is taken away from you, that impacts all of us.'' A month earlier, Whitmer, the co-chair of Joe Biden 's re-election campaign and perhaps his most important Michigan surrogate, told ''Face the Nation'' that the president should speak more often about abortion , a word he's been reluctant to use. Now, she was demonstrating how it's done. ''We've got to be comfortable saying abortion is health care, and women deserve health care, and only the woman should be able to make that decision about whether or not to carry a pregnancy to term,'' she told",,,,,,,,,,,,
39,NYT,post_dobbs,2022-11-08,Governors Can Do a Lot to Hurt Reproductive Rights,Editorial,1051,1,state_legislation,0,1,1,0,0,0,1,0,1,1,0,0,0,0,"liberal as New York. One of them is what Zeldin might do to New York's status as a haven for abortion access. Though Zeldin is a co-sponsor in the House of the Life at Conception Act, which would bestow full personhood rights on embryos, he's tried to neutralize abortion as a campaign issue by insisting that he couldn't change New York's abortion law even if he wanted to. There's something bizarre about this argument: As Assemblywoman Deborah Glick pointed out to me, Zeldin is telling pro-choice New Yorkers that we can rely on the Legislature to protect us from him. And while it's true that Zeldin wouldn't be able to ban abortion anytime soon, there are many things, short of making abortions illegal, that a governor can do to make them harder to get. Zeldin's strategy is similar to the one that Christine Drazan, the anti- abortion Republican with a decent chance of becoming governor of Oregon, is employing in her race. Both are trying to use Democrats' success in passing state-level abortion protections against them, by arguing that these laws make their personal opposition to abortion moot. ''I will not change and could not change New York's abortion law,''",,,,,,,,,,,,
40,NYT,post_dobbs,2024-05-09,"As Latinas Shift on Abortion , Democrats See an Opportunity",,1456,0,supreme_court_ruling,0,0,1,0,0,0,1,0,1,11,2,0,1,0,"B10C9924109CC00A58607C5A11007EE00244B616B5E0069493115FA715F02010B8803254805B1600167FF3B66CC103C5E09A3AD300026006C0B51580D0190CC0 0C6F10AB5A610C622610E8B016B7809913E1017C861E4740690231069051086B0109CC3010CCA415CA6070634083FE200F11B1004AA71575C08D50FF30195C50 865A110C8C2910111B1A0F80360AC102FDF81A71108C03E1078AE405F3F501F3DA7899C90D5A01074D3B1329F50B225008D13816B0E37EEE2011E320095A410D BF3B107F130418E50F731068FF100280BB0A89C1116CA002399003C0500FD94008A5B502A3E46DAD6609B20507D3A4109DC20974240856F30F1A90100C2088FE 100F877BC1BB310C43351158A061B0B103B5A7101A10553DA0BC3FA91675B040346B59F2A0101F000BFE3009EC3B107BC0AFC370A3FFD04F51A00EB16A026646 114D90047200A54770037DC099D8D8069D7207778201CEA94FE2B0069F3B1100907311A088FFC0007AE0094428117250A712F1B7C340A414B101DBFF000FAE05 00CEF00AD1CB113500068C30050000001A300E12F006A3600FD8EB0FA730B30AE10BB030029D7611BDD00CFB421107E00D6D3511A9F0A119D104E1100947C016 3050047D0047854C021B34106A500B8539103EA008AD360460C0611431059280AA3EB11CA7110BFF8911335005E4400E9B40B41A713B19031373410469F90F7D F8239B2A1205D06A02516F1BB10170900CFA0302B250014AD00B1639113B6C3814310F8870CD58D0A7F8AC11049000E260B00BD20429E508E5FC11080054A2F0 CF1FC10BFE800E1451001F9009B2D0004A900A16ECD01CBD2025709EF39102DAAA00E70B1306700E984003DADCD114A101D17804A5100202600456AAE0015D20 0783A08119700D0FCCD23EFDD31C410A71B005D15001372913083003770CD40A7100D83B085BB05AF7110DF7CCD4567DD57830054B7DD5AC910F32021B56C6D5 623DD664BD1AA8F0D5AF317165BDD66CDDD61D5100D3701F14A003BB7006BC1007F8B2C16EBDD77CDDD70CC0078160012F00038B100C5D5001BE80990CE02193 40D07DFDD8903DD60C3003203003C4CB400140094819D99CDDD96ECD00F7300D12E8D97B1D10003B National Desk; SECTA As Latinas Shift on Abortion , Democrats See an Opportunity By Jazmine Ulloa 1,342 words 9 May 2024 The New York Times NYTF Late Edition - Final 17 English Copyright 2024 The New York Times Company. All Rights Reserved. Hispanic views on the issue vary widely, and Democrats face hurdles, but opportunities, too. As one House candidate said: ''I go to Mass, but I also support a woman's right to choose.'' Hours before Arizona state legislators voted to repeal an 1864 abortion ban last month, a group of mostly Latina Democrats huddled at a nearby Mexican restaurant for a strategy session on galvanizing Latina voters over abortion rights. ''I am 23 -- why do I have less rights than my abuelita in Mexico?'' Melissa Herrera, a Democratic campaign staffer, asked the cluster of women at the restaurant, referring to her grandmother. The question crystallized what Democrats hope will be a decisive electoral factor in their favor this year, one that upends conventional political wisdom: A majority of Latino voters now support abortion rights, according to polls, a reversal from two decades ago. Polling trends,",,,,,,,,,,,,
41,NYT,pre_dobbs,2022-05-15,Pregnant? They Won't Help.,,1539,0,anniversary_retrospective,0,0,0,0,0,0,0,0,0,0,0,0,4,0,"Times Company. All Rights Reserved. With the Supreme Court likely to overturn Roe v. Wade this year, the American anti- abortion movement is preparing for a near future in which abortion is more restricted, in more parts of the country, than at any time in the past 50 years. Anti- abortion activists have spent decades fighting Roe while waiting for this moment, in part by establishing a national network of about 2,600 so-called crisis pregnancy centers, through which they try to deter women from getting abortions, often with deceptive practices -- and, in some cases, using taxpayer dollars. As the number of C.P.C.s has increased in the United States, the number of abortion facilities has dropped, from more than 2,700 in 1978 to about 785 today. As a result, the centers now outnumber abortion facilities three to one. If the Supreme Court overturns Roe, at least 26 states are likely to ban abortion , reducing the number of abortion facilities nationwide to fewer than 600. In that scenario, we estimate that C.P.C.s would outnumber abortion facilities more than four to one and more than half of American women of reproductive age would live closer to a crisis pregnancy center than",,,,,,,,,,,,
42,NYT,pre_dobbs,2021-10-07,Texas Abortion Law Halted By Judge as Case Proceeds,,1378,0,federal_executive,0,0,1,1,0,1,1,0,0,0,0,0,0,0,"06FCBA16AB9008C2703456A081FEC0089D404F01100AFF300939E095F8889B28C300C09401F1A8091DC00EA13109D0B00857D005D3F50F404007E8FF1A00BCD0 01343300F4171A09501831A0810FF0AA0AC1B0B0D103CA90A65AA102BFC23B1550256C0106A1C00034101A8E700139CA1649C000D4101A5B500232100EA1805B FFE1065830102E965EFEC003234084807031F7C1039904025C800D5E5209CCD10239D50E3543272D001AB0C6A114A1ADB0310DD7882CD1C8942D20144000076C B10C9924109CC00A58607C5A11007EE00244B616B5E0069493115FA715F02010B8803254805B1600167FF3B66CC103C5E09A3AD300026006C0B51580D0190CC0 0C6F10AB5A610C622610E8B016B7809913E1017C861E4740690231069051086B0109CC3010CCA415CA6070634083FE200F11B1004AA71575C08D50FF30195C50 865A110C8C2910111B1A0F80360AC102FDF81A71108C03E1078AE405F3F501F3DA7899C90D5A01074D3B1329F50B225008D13816B0E37EEE2011E320095A410D BF3B107F130418E50F731068FF100280BB0A89C1116CA002399003C0500FD94008A5B502A3E46DAD6609B20507D3A4109DC20974240856F30F1A90100C2088FE 100F877BC1BB310C43351158A061B0B103B5A7101A10553DA0BC3FA91675B040346B59F2A0101F000BFE3009EC3B107BC0AFC370A3FFD04F51A00EB16A026646 114D90047200A54770037DC099D8D8069D7207778201CEA94FE2B0069F3B1100907311A088FFC0007AE0094428117250A712F1B7C340A414B101DBFF000FAE05 00CEF00AD1CB113500068C30050000001A300E12F006A3600FD8EB0FA730B30AE10BB030029D7611BDD00CFB421107E00D6D3511A9F0A119D104E1100947C016 3050047D0047854C021B34106A500B8539103EA008AD360460C0611431059280AA3EB11CA7110BFF8911335005E4400E9B40B41A713B19031373410469F90F7D F8239B2A1205D06A02516F1BB10170900CFA0302B250014AD00B1639113B6C3814310F8870CD58D0A7F8AC11049000E260B00BD20429E508E5FC11080054A2F0 CF1FC10BFE800E1451001F9009B2D0004A900A16ECD01CBD2025709EF39102DAAA00E70B1306700E984003DADCD114A101D17804A5100202600456AAE0015D20 0783A08119700D0FCCD23EFDD31C410A71B005D15001372913083003770CD40A7100D83B085BB05AF7110DF7CCD4567DD57830054B7DD5AC910F32021B56C6D5 623DD664BD1AA8F0D5AF317165BDD66CDDD61D5100D3701F14A003BB7006BC1007F8B2C16EBDD77CDDD70CC0078160012F00038B100C5D5001BE80990CE02193 40D07DFDD8903DD60C3003203003C4CB400140094819D99CDDD96ECD00F7300D12E8D97B1D10003B National Desk; SECTA Texas Abortion Law Halted By Judge as Case Proceeds By Sabrina Tavernise and Katie Benner 1,265 words 7 October 2021 The New York Times NYTF Late Edition - Final 20 English Copyright 2021 The New York Times Company. All Rights Reserved. A sharply worded ruling sided with the Justice Department, which sued to block the measure last month after the Supreme Court declined to intervene. WASHINGTON -- A federal judge on Wednesday granted the Justice Department's request to halt enforcement of the recently passed Texas law that bans nearly all abortions in the state while the legal battle over the statute makes its way through the federal courts. In his 113-page ruling, Robert L. Pitman, a Federal District Court judge in Austin, sided with the Biden administration, which had sued to halt a law that has changed the landscape of the abortion fight and further fueled the national debate over whether abortion will remain legal across the country. Judge Pitman used sharp language to criticize the law, known as Senate Bill 8, which was drafted to make it difficult to challenge",,,,,,,,,,,,
43,NYT,pre_dobbs,2021-10-28,Briefs Draw Battle Lines as Abortion Law Nears Justices,,1095,0,supreme_court_ruling,0,1,0,0,0,0,0,0,0,0,0,0,0,0,"0C6F10AB5A610C622610E8B016B7809913E1017C861E4740690231069051086B0109CC3010CCA415CA6070634083FE200F11B1004AA71575C08D50FF30195C50 865A110C8C2910111B1A0F80360AC102FDF81A71108C03E1078AE405F3F501F3DA7899C90D5A01074D3B1329F50B225008D13816B0E37EEE2011E320095A410D BF3B107F130418E50F731068FF100280BB0A89C1116CA002399003C0500FD94008A5B502A3E46DAD6609B20507D3A4109DC20974240856F30F1A90100C2088FE 100F877BC1BB310C43351158A061B0B103B5A7101A10553DA0BC3FA91675B040346B59F2A0101F000BFE3009EC3B107BC0AFC370A3FFD04F51A00EB16A026646 114D90047200A54770037DC099D8D8069D7207778201CEA94FE2B0069F3B1100907311A088FFC0007AE0094428117250A712F1B7C340A414B101DBFF000FAE05 00CEF00AD1CB113500068C30050000001A300E12F006A3600FD8EB0FA730B30AE10BB030029D7611BDD00CFB421107E00D6D3511A9F0A119D104E1100947C016 3050047D0047854C021B34106A500B8539103EA008AD360460C0611431059280AA3EB11CA7110BFF8911335005E4400E9B40B41A713B19031373410469F90F7D F8239B2A1205D06A02516F1BB10170900CFA0302B250014AD00B1639113B6C3814310F8870CD58D0A7F8AC11049000E260B00BD20429E508E5FC11080054A2F0 CF1FC10BFE800E1451001F9009B2D0004A900A16ECD01CBD2025709EF39102DAAA00E70B1306700E984003DADCD114A101D17804A5100202600456AAE0015D20 0783A08119700D0FCCD23EFDD31C410A71B005D15001372913083003770CD40A7100D83B085BB05AF7110DF7CCD4567DD57830054B7DD5AC910F32021B56C6D5 623DD664BD1AA8F0D5AF317165BDD66CDDD61D5100D3701F14A003BB7006BC1007F8B2C16EBDD77CDDD70CC0078160012F00038B100C5D5001BE80990CE02193 40D07DFDD8903DD60C3003203003C4CB400140094819D99CDDD96ECD00F7300D12E8D97B1D10003B National Desk; SECTA Briefs Draw Battle Lines as Abortion Law Nears Justices By Adam Liptak 986 words 28 October 2021 The New York Times NYTF Late Edition - Final 18 English Copyright 2021 The New York Times Company. All Rights Reserved. The justices, who will hear arguments on Monday in two cases challenging the state's near-total ban, required the parties to file their briefs with extraordinary speed. WASHINGTON -- Just days after the Supreme Court agreed to fast-track challenges to a Texas abortion law, setting an exceptionally abbreviated schedule, the parties filed a flurry of briefs on Wednesday attacking and defending the law. The court will hear arguments on Monday in two different challenges, one brought by abortion providers in the state and the other by the Justice Department. The court's scheduling order required the two sides to file their opening briefs simultaneously, with responses due on Friday. Both challengers said the law, which bars most abortions after six weeks of pregnancy, is at odds with Roe v. Wade, which prohibits states from banning abortions before fetal viability, or around 23 weeks. They added that the law, known",,,,,,,,,,,,
44,NYT,pre_dobbs,2022-06-16,"U.S. Abortions Rise After 30-Year Drop, Report Says; All Regions See Increases",,1261,0,poll_research,1,0,1,0,1,0,0,3,0,1,1,0,0,0,"06FCBA16AB9008C2703456A081FEC0089D404F01100AFF300939E095F8889B28C300C09401F1A8091DC00EA13109D0B00857D005D3F50F404007E8FF1A00BCD0 01343300F4171A09501831A0810FF0AA0AC1B0B0D103CA90A65AA102BFC23B1550256C0106A1C00034101A8E700139CA1649C000D4101A5B500232100EA1805B FFE1065830102E965EFEC003234084807031F7C1039904025C800D5E5209CCD10239D50E3543272D001AB0C6A114A1ADB0310DD7882CD1C8942D20144000076C B10C9924109CC00A58607C5A11007EE00244B616B5E0069493115FA715F02010B8803254805B1600167FF3B66CC103C5E09A3AD300026006C0B51580D0190CC0 0C6F10AB5A610C622610E8B016B7809913E1017C861E4740690231069051086B0109CC3010CCA415CA6070634083FE200F11B1004AA71575C08D50FF30195C50 865A110C8C2910111B1A0F80360AC102FDF81A71108C03E1078AE405F3F501F3DA7899C90D5A01074D3B1329F50B225008D13816B0E37EEE2011E320095A410D BF3B107F130418E50F731068FF100280BB0A89C1116CA002399003C0500FD94008A5B502A3E46DAD6609B20507D3A4109DC20974240856F30F1A90100C2088FE 100F877BC1BB310C43351158A061B0B103B5A7101A10553DA0BC3FA91675B040346B59F2A0101F000BFE3009EC3B107BC0AFC370A3FFD04F51A00EB16A026646 114D90047200A54770037DC099D8D8069D7207778201CEA94FE2B0069F3B1100907311A088FFC0007AE0094428117250A712F1B7C340A414B101DBFF000FAE05 00CEF00AD1CB113500068C30050000001A300E12F006A3600FD8EB0FA730B30AE10BB030029D7611BDD00CFB421107E00D6D3511A9F0A119D104E1100947C016 3050047D0047854C021B34106A500B8539103EA008AD360460C0611431059280AA3EB11CA7110BFF8911335005E4400E9B40B41A713B19031373410469F90F7D F8239B2A1205D06A02516F1BB10170900CFA0302B250014AD00B1639113B6C3814310F8870CD58D0A7F8AC11049000E260B00BD20429E508E5FC11080054A2F0 CF1FC10BFE800E1451001F9009B2D0004A900A16ECD01CBD2025709EF39102DAAA00E70B1306700E984003DADCD114A101D17804A5100202600456AAE0015D20 0783A08119700D0FCCD23EFDD31C410A71B005D15001372913083003770CD40A7100D83B085BB05AF7110DF7CCD4567DD57830054B7DD5AC910F32021B56C6D5 623DD664BD1AA8F0D5AF317165BDD66CDDD61D5100D3701F14A003BB7006BC1007F8B2C16EBDD77CDDD70CC0078160012F00038B100C5D5001BE80990CE02193 40D07DFDD8903DD60C3003203003C4CB400140094819D99CDDD96ECD00F7300D12E8D97B1D10003B National Desk; SECTA U.S. Abortions Rise After 30-Year Drop, Report Says; All Regions See Increases By Pam Belluck 1,151 words 16 June 2022 The New York Times NYTF Late Edition - Final 14 English Copyright 2022 The New York Times Company. All Rights Reserved. A new survey of the nation's abortion providers found increases in every region of the country from 2017 to 2020. The number of abortions in the United States has increased, reversing what had been a three-decade decline, according to a new report. The uptick began in 2017 and, as of 2020, one in five pregnancies, or 20.6 percent, ended in abortion , according to the report by the Guttmacher Institute , a research organization that supports abortion rights. In 2017, 18.4 percent of pregnancies ended in abortion . The institute, which collects data by contacting every known abortion provider in the country, reported that the number of abortions increased to 930,160 in 2020, from 862,320 in 2017. The number increased in every region of the country: by 12 percent in the West, by 10 percent in the Midwest, by 8",,,,,,,,,,,,
45,NYT,pre_dobbs,2022-05-07,Key Races Are Shaped By Abortion,,851,0,election_campaign,0,0,1,0,0,0,0,1,0,1,0,0,0,0,"0C6F10AB5A610C622610E8B016B7809913E1017C861E4740690231069051086B0109CC3010CCA415CA6070634083FE200F11B1004AA71575C08D50FF30195C50 865A110C8C2910111B1A0F80360AC102FDF81A71108C03E1078AE405F3F501F3DA7899C90D5A01074D3B1329F50B225008D13816B0E37EEE2011E320095A410D BF3B107F130418E50F731068FF100280BB0A89C1116CA002399003C0500FD94008A5B502A3E46DAD6609B20507D3A4109DC20974240856F30F1A90100C2088FE 100F877BC1BB310C43351158A061B0B103B5A7101A10553DA0BC3FA91675B040346B59F2A0101F000BFE3009EC3B107BC0AFC370A3FFD04F51A00EB16A026646 114D90047200A54770037DC099D8D8069D7207778201CEA94FE2B0069F3B1100907311A088FFC0007AE0094428117250A712F1B7C340A414B101DBFF000FAE05 00CEF00AD1CB113500068C30050000001A300E12F006A3600FD8EB0FA730B30AE10BB030029D7611BDD00CFB421107E00D6D3511A9F0A119D104E1100947C016 3050047D0047854C021B34106A500B8539103EA008AD360460C0611431059280AA3EB11CA7110BFF8911335005E4400E9B40B41A713B19031373410469F90F7D F8239B2A1205D06A02516F1BB10170900CFA0302B250014AD00B1639113B6C3814310F8870CD58D0A7F8AC11049000E260B00BD20429E508E5FC11080054A2F0 CF1FC10BFE800E1451001F9009B2D0004A900A16ECD01CBD2025709EF39102DAAA00E70B1306700E984003DADCD114A101D17804A5100202600456AAE0015D20 0783A08119700D0FCCD23EFDD31C410A71B005D15001372913083003770CD40A7100D83B085BB05AF7110DF7CCD4567DD57830054B7DD5AC910F32021B56C6D5 623DD664BD1AA8F0D5AF317165BDD66CDDD61D5100D3701F14A003BB7006BC1007F8B2C16EBDD77CDDD70CC0078160012F00038B100C5D5001BE80990CE02193 40D07DFDD8903DD60C3003203003C4CB400140094819D99CDDD96ECD00F7300D12E8D97B1D10003B National Desk; SECTA Key Races Are Shaped By Abortion By Azi Paybarah 734 words 7 May 2022 The New York Times NYTF Late Edition - Final 12 English Copyright 2022 The New York Times Company. All Rights Reserved. In Pennsylvania, Georgia and beyond, the prospective fall of Roe v. Wade hangs over key primary and general elections. There was never any doubt that an impending Supreme Court decision on abortion , expected over the summer, would have an outsize effect on the midterm campaigns this year. The issue just wasn't expected to upend the races so soon. But with this week's leak of a draft opinion signaling that the Supreme Court is likely to overturn Roe v. Wade, candidates on both the right and left are seizing on the issue. Democrats, looking to hold on to their slim control of Congress, are hoping that abortion will galvanize their voters in an otherwise tough year for the party -- one that has been characterized by low approval ratings for President Biden and frustrations over the economy and inflation. Stacey Abrams , the Democrat vying to be Georgia's next governor",,,,,,,,,,,,
46,NYT,pre_dobbs,2021-01-28,Near-Total Abortion Ban Takes Effect in Poland,,845,0,state_legislation,0,0,1,0,0,0,0,0,0,0,1,0,2,0,"06FCBA16AB9008C2703456A081FEC0089D404F01100AFF300939E095F8889B28C300C09401F1A8091DC00EA13109D0B00857D005D3F50F404007E8FF1A00BCD0 01343300F4171A09501831A0810FF0AA0AC1B0B0D103CA90A65AA102BFC23B1550256C0106A1C00034101A8E700139CA1649C000D4101A5B500232100EA1805B FFE1065830102E965EFEC003234084807031F7C1039904025C800D5E5209CCD10239D50E3543272D001AB0C6A114A1ADB0310DD7882CD1C8942D20144000076C B10C9924109CC00A58607C5A11007EE00244B616B5E0069493115FA715F02010B8803254805B1600167FF3B66CC103C5E09A3AD300026006C0B51580D0190CC0 0C6F10AB5A610C622610E8B016B7809913E1017C861E4740690231069051086B0109CC3010CCA415CA6070634083FE200F11B1004AA71575C08D50FF30195C50 865A110C8C2910111B1A0F80360AC102FDF81A71108C03E1078AE405F3F501F3DA7899C90D5A01074D3B1329F50B225008D13816B0E37EEE2011E320095A410D BF3B107F130418E50F731068FF100280BB0A89C1116CA002399003C0500FD94008A5B502A3E46DAD6609B20507D3A4109DC20974240856F30F1A90100C2088FE 100F877BC1BB310C43351158A061B0B103B5A7101A10553DA0BC3FA91675B040346B59F2A0101F000BFE3009EC3B107BC0AFC370A3FFD04F51A00EB16A026646 114D90047200A54770037DC099D8D8069D7207778201CEA94FE2B0069F3B1100907311A088FFC0007AE0094428117250A712F1B7C340A414B101DBFF000FAE05 00CEF00AD1CB113500068C30050000001A300E12F006A3600FD8EB0FA730B30AE10BB030029D7611BDD00CFB421107E00D6D3511A9F0A119D104E1100947C016 3050047D0047854C021B34106A500B8539103EA008AD360460C0611431059280AA3EB11CA7110BFF8911335005E4400E9B40B41A713B19031373410469F90F7D F8239B2A1205D06A02516F1BB10170900CFA0302B250014AD00B1639113B6C3814310F8870CD58D0A7F8AC11049000E260B00BD20429E508E5FC11080054A2F0 CF1FC10BFE800E1451001F9009B2D0004A900A16ECD01CBD2025709EF39102DAAA00E70B1306700E984003DADCD114A101D17804A5100202600456AAE0015D20 0783A08119700D0FCCD23EFDD31C410A71B005D15001372913083003770CD40A7100D83B085BB05AF7110DF7CCD4567DD57830054B7DD5AC910F32021B56C6D5 623DD664BD1AA8F0D5AF317165BDD66CDDD61D5100D3701F14A003BB7006BC1007F8B2C16EBDD77CDDD70CC0078160012F00038B100C5D5001BE80990CE02193 40D07DFDD8903DD60C3003203003C4CB400140094819D99CDDD96ECD00F7300D12E8D97B1D10003B Foreign Desk; SECTA Near-Total Abortion Ban Takes Effect in Poland By Isabella Kwai, Monika Pronczuk and Anatol Magdziarz 723 words 28 January 2021 The New York Times NYTF Late Edition - Final 12 English Copyright 2021 The New York Times Company. All Rights Reserved. A contentious ruling in Poland, which spurred thousands of women and their allies to protest, came into legal force on Wednesday. A contentious near-total ban on abortion in Poland went into effect late Wednesday, despite rampant opposition from hundreds of thousands of Poles who began protesting in the fall in the largest demonstrations in the country since the 1989 collapse of communism. Thousands of outraged women, teenagers and allies returned to the streets Wednesday night bundled up against the cold after word that a ruling that halts the termination of pregnancies for fetal abnormalities -- virtually the only kind of abortion performed in Poland -- would come into force. The decision had been made in October by the Constitutional Tribunal, but its implementation was delayed after it prompted a month of protests. On Wednesday the government abruptly announced that the",,,,,,,,,,,,
47,NYT,pre_dobbs,2021-09-22,First Citizen Cases on Texas Abortion Law May Settle Constitutionality,,1679,0,federal_executive,1,1,0,0,0,1,1,1,2,3,0,0,0,0,"0C6F10AB5A610C622610E8B016B7809913E1017C861E4740690231069051086B0109CC3010CCA415CA6070634083FE200F11B1004AA71575C08D50FF30195C50 865A110C8C2910111B1A0F80360AC102FDF81A71108C03E1078AE405F3F501F3DA7899C90D5A01074D3B1329F50B225008D13816B0E37EEE2011E320095A410D BF3B107F130418E50F731068FF100280BB0A89C1116CA002399003C0500FD94008A5B502A3E46DAD6609B20507D3A4109DC20974240856F30F1A90100C2088FE 100F877BC1BB310C43351158A061B0B103B5A7101A10553DA0BC3FA91675B040346B59F2A0101F000BFE3009EC3B107BC0AFC370A3FFD04F51A00EB16A026646 114D90047200A54770037DC099D8D8069D7207778201CEA94FE2B0069F3B1100907311A088FFC0007AE0094428117250A712F1B7C340A414B101DBFF000FAE05 00CEF00AD1CB113500068C30050000001A300E12F006A3600FD8EB0FA730B30AE10BB030029D7611BDD00CFB421107E00D6D3511A9F0A119D104E1100947C016 3050047D0047854C021B34106A500B8539103EA008AD360460C0611431059280AA3EB11CA7110BFF8911335005E4400E9B40B41A713B19031373410469F90F7D F8239B2A1205D06A02516F1BB10170900CFA0302B250014AD00B1639113B6C3814310F8870CD58D0A7F8AC11049000E260B00BD20429E508E5FC11080054A2F0 CF1FC10BFE800E1451001F9009B2D0004A900A16ECD01CBD2025709EF39102DAAA00E70B1306700E984003DADCD114A101D17804A5100202600456AAE0015D20 0783A08119700D0FCCD23EFDD31C410A71B005D15001372913083003770CD40A7100D83B085BB05AF7110DF7CCD4567DD57830054B7DD5AC910F32021B56C6D5 623DD664BD1AA8F0D5AF317165BDD66CDDD61D5100D3701F14A003BB7006BC1007F8B2C16EBDD77CDDD70CC0078160012F00038B100C5D5001BE80990CE02193 40D07DFDD8903DD60C3003203003C4CB400140094819D99CDDD96ECD00F7300D12E8D97B1D10003B National Desk; SECTA First Citizen Cases on Texas Abortion Law May Settle Constitutionality By Ruth Graham, Adam Liptak and J. David Goodman 1,566 words 22 September 2021 The New York Times NYTF Late Edition - Final 17 English Copyright 2021 The New York Times Company. All Rights Reserved. Legal experts said two lawsuits filed this week might test the constitutionality of the Texas law more than federal challenges by abortion providers and the Justice Department. DALLAS -- When the United States' most restrictive abortion law went into effect in Texas on Sept. 1, it worked exactly as intended: It effectively stopped all abortions in the second-most populous state. But its very ingenuity -- that ordinary citizens, and not state officials, enforce it -- has begun to unleash lawsuits that are out of the control of the anti- abortion movement that fought for the law. On Monday, a man in Arkansas and another in Illinois, both disbarred lawyers with no apparent association with anti- abortion activists, filed separate suits against a San Antonio doctor who publicly wrote about performing an abortion . The suits appear to be the first",,,,,,,,,,,,
48,NYT,pre_dobbs,2021-12-16,The Anti- Abortion Movement Could Reduce Abortions If It Wanted To,Editorial,1228,1,protest_mobilization,1,0,1,0,0,0,0,2,0,0,0,0,1,0,"B10C9924109CC00A58607C5A11007EE00244B616B5E0069493115FA715F02010B8803254805B1600167FF3B66CC103C5E09A3AD300026006C0B51580D0190CC0 0C6F10AB5A610C622610E8B016B7809913E1017C861E4740690231069051086B0109CC3010CCA415CA6070634083FE200F11B1004AA71575C08D50FF30195C50 865A110C8C2910111B1A0F80360AC102FDF81A71108C03E1078AE405F3F501F3DA7899C90D5A01074D3B1329F50B225008D13816B0E37EEE2011E320095A410D BF3B107F130418E50F731068FF100280BB0A89C1116CA002399003C0500FD94008A5B502A3E46DAD6609B20507D3A4109DC20974240856F30F1A90100C2088FE 100F877BC1BB310C43351158A061B0B103B5A7101A10553DA0BC3FA91675B040346B59F2A0101F000BFE3009EC3B107BC0AFC370A3FFD04F51A00EB16A026646 114D90047200A54770037DC099D8D8069D7207778201CEA94FE2B0069F3B1100907311A088FFC0007AE0094428117250A712F1B7C340A414B101DBFF000FAE05 00CEF00AD1CB113500068C30050000001A300E12F006A3600FD8EB0FA730B30AE10BB030029D7611BDD00CFB421107E00D6D3511A9F0A119D104E1100947C016 3050047D0047854C021B34106A500B8539103EA008AD360460C0611431059280AA3EB11CA7110BFF8911335005E4400E9B40B41A713B19031373410469F90F7D F8239B2A1205D06A02516F1BB10170900CFA0302B250014AD00B1639113B6C3814310F8870CD58D0A7F8AC11049000E260B00BD20429E508E5FC11080054A2F0 CF1FC10BFE800E1451001F9009B2D0004A900A16ECD01CBD2025709EF39102DAAA00E70B1306700E984003DADCD114A101D17804A5100202600456AAE0015D20 0783A08119700D0FCCD23EFDD31C410A71B005D15001372913083003770CD40A7100D83B085BB05AF7110DF7CCD4567DD57830054B7DD5AC910F32021B56C6D5 623DD664BD1AA8F0D5AF317165BDD66CDDD61D5100D3701F14A003BB7006BC1007F8B2C16EBDD77CDDD70CC0078160012F00038B100C5D5001BE80990CE02193 40D07DFDD8903DD60C3003203003C4CB400140094819D99CDDD96ECD00F7300D12E8D97B1D10003B GUEST ESSAY Editorial Desk; SECTA The Anti- Abortion Movement Could Reduce Abortions If It Wanted To By Jill Filipovic 1,117 words 16 December 2021 The New York Times NYTF Late Edition - Final 27 English Copyright 2021 The New York Times Company. All Rights Reserved. Often an abortion happens because a woman is pregnant when she didn't intend to be. It is true that some women terminate wanted but doomed pregnancies and others face serious health complications. But if abortion opponents are serious about decreasing the need for abortion instead of simply punishing women and doctors, they should be rallying around contraception access. Instead, they're largely standing in the way. As of 2019, researchers found that 45 percent of all pregnancies in the United States were unintended and roughly 40 percent of unintended pregnancies were terminated. This makes for very simple math: Decrease unintended pregnancies and you decrease abortions. The best way to do that is with easy access to modern methods of contraception, particularly long-acting ones (IUDs, for example), coupled with comprehensive sex education. The U.S. abortion rate is at a record low because of a",,,,,,,,,,,,
49,NYT,pre_dobbs,2022-05-08,Bring the Fight to the Streets,,1527,0,anniversary_retrospective,0,0,0,0,0,0,0,0,0,2,0,0,0,0,"diversity workplace initiatives and a handful of political promises like disbanding the Minneapolis Police Department that were quickly walked back. Abortion rights are now on the chopping block. Unarmed Black people are still being shot by the police, who have seen increases in their budgets in cities across the country. But such quick assessments not only wildly underestimate the difficulty of fundamentally changing American institutions; they also miss much of the point of protests. No organizers worth their mettle believe that getting people to march together and chant will immediately lead the powers that be to meet all their demands. Rather, the goal is to create an event in which people who are outraged can gather together. Within that space, connections are made, new ideas are tested, and the infrastructure for political action gets built. The street doesn't always have to be a place to list demands for instant change. The Floyd protests, for example, led to a boost in voter registration for Democrats. The point is the people. If you want another example of what long-term activism can yield, consider that the fight to overturn Roe v. Wade took 50 years of dedicated organizing. Though the ultimate decision will",,,,,,,,,,,,
50,NYT,pre_dobbs,2021-08-27,Texas Clears a Path to the End of Roe v. Wade,Editorial,1077,1,supreme_court_ruling,0,0,0,0,0,0,0,0,0,4,0,0,0,0,"Edition - Final 19 English Copyright 2021 The New York Times Company. All Rights Reserved. A major confrontation on the abortion battlefield looms this fall, when the Supreme Court is expected to hear arguments on whether Mississippi can ban abortion after 15 weeks. That's roughly nine weeks before viability, the point at which states are now allowed to forbid abortion . To uphold Mississippi's law, the court would have to eliminate its own viability rule or reverse Roe v. Wade altogether. Given the composition of the court, there is a real chance the justices may overthrow Roe. But there is also the possibility that the court, for institutional or political reasons, may not yet want to upend that 1973 decision, which found the Constitution protects a woman's right to have an abortion without undue government interference. What then? A recent ruling by the United States Court of Appeals for the Fifth Circuit seems tailor made for a Supreme Court that wants to look as if it cares about precedent while shooting a hole through that right. The appellate court relied on a past Supreme Court ruling to give leeway to the Texas Legislature to restrict a certain abortion procedure even",,,,,,,,,,,,
51,NYT,trump_ii,2025-09-04,Texas Senate Passes Bill to Crack Down on Mail-Order Abortion Pills,,617,0,patient_medical_case,0,0,1,0,0,0,0,1,0,1,0,2,1,0,"114D90047200A54770037DC099D8D8069D7207778201CEA94FE2B0069F3B1100907311A088FFC0007AE0094428117250A712F1B7C340A414B101DBFF000FAE05 00CEF00AD1CB113500068C30050000001A300E12F006A3600FD8EB0FA730B30AE10BB030029D7611BDD00CFB421107E00D6D3511A9F0A119D104E1100947C016 3050047D0047854C021B34106A500B8539103EA008AD360460C0611431059280AA3EB11CA7110BFF8911335005E4400E9B40B41A713B19031373410469F90F7D F8239B2A1205D06A02516F1BB10170900CFA0302B250014AD00B1639113B6C3814310F8870CD58D0A7F8AC11049000E260B00BD20429E508E5FC11080054A2F0 CF1FC10BFE800E1451001F9009B2D0004A900A16ECD01CBD2025709EF39102DAAA00E70B1306700E984003DADCD114A101D17804A5100202600456AAE0015D20 0783A08119700D0FCCD23EFDD31C410A71B005D15001372913083003770CD40A7100D83B085BB05AF7110DF7CCD4567DD57830054B7DD5AC910F32021B56C6D5 623DD664BD1AA8F0D5AF317165BDD66CDDD61D5100D3701F14A003BB7006BC1007F8B2C16EBDD77CDDD70CC0078160012F00038B100C5D5001BE80990CE02193 40D07DFDD8903DD60C3003203003C4CB400140094819D99CDDD96ECD00F7300D12E8D97B1D10003B National Desk; SECT Texas Senate Passes Bill to Crack Down on Mail-Order Abortion Pills By Yan Zhuang 497 words 4 September 2025 The New York Times NYTF The New York Times on the Web English Copyright 2025 The New York Times Company. All Rights Reserved. Gov. Greg Abbott is expected to sign the legislation, which allows nearly anyone to sue abortion medication providers and distributors. The Texas State Senate on Wednesday passed a bill that would crack down on mail-order abortion medications, allowing ordinary people to sue providers, distributors and manufacturers for damages. The bill, which passed 17-8, now heads to the desk of Gov. Greg Abbott, an anti- abortion Republican, who is expected to sign it into law. It would allow residents unconnected to a pregnant woman to sue medical providers, pharmaceutical companies and courier services like FedEx and UPS, which may ship abortion medication to Texans, or intend to do so, for damages. Women who take such medications to end their pregnancies cannot be sued under the legislation. A suit can be brought even if no abortion has taken place. The Texas legislation is part of a wider campaign against",,,,,,,,,,,,
52,NYT,trump_ii,2025-11-24,North Dakota Has Instituted Abortion Ban Once Again,,820,0,state_legislation,1,0,0,0,0,0,0,0,0,0,5,0,0,4,"B10C9924109CC00A58607C5A11007EE00244B616B5E0069493115FA715F02010B8803254805B1600167FF3B66CC103C5E09A3AD300026006C0B51580D0190CC0 0C6F10AB5A610C622610E8B016B7809913E1017C861E4740690231069051086B0109CC3010CCA415CA6070634083FE200F11B1004AA71575C08D50FF30195C50 865A110C8C2910111B1A0F80360AC102FDF81A71108C03E1078AE405F3F501F3DA7899C90D5A01074D3B1329F50B225008D13816B0E37EEE2011E320095A410D BF3B107F130418E50F731068FF100280BB0A89C1116CA002399003C0500FD94008A5B502A3E46DAD6609B20507D3A4109DC20974240856F30F1A90100C2088FE 100F877BC1BB310C43351158A061B0B103B5A7101A10553DA0BC3FA91675B040346B59F2A0101F000BFE3009EC3B107BC0AFC370A3FFD04F51A00EB16A026646 114D90047200A54770037DC099D8D8069D7207778201CEA94FE2B0069F3B1100907311A088FFC0007AE0094428117250A712F1B7C340A414B101DBFF000FAE05 00CEF00AD1CB113500068C30050000001A300E12F006A3600FD8EB0FA730B30AE10BB030029D7611BDD00CFB421107E00D6D3511A9F0A119D104E1100947C016 3050047D0047854C021B34106A500B8539103EA008AD360460C0611431059280AA3EB11CA7110BFF8911335005E4400E9B40B41A713B19031373410469F90F7D F8239B2A1205D06A02516F1BB10170900CFA0302B250014AD00B1639113B6C3814310F8870CD58D0A7F8AC11049000E260B00BD20429E508E5FC11080054A2F0 CF1FC10BFE800E1451001F9009B2D0004A900A16ECD01CBD2025709EF39102DAAA00E70B1306700E984003DADCD114A101D17804A5100202600456AAE0015D20 0783A08119700D0FCCD23EFDD31C410A71B005D15001372913083003770CD40A7100D83B085BB05AF7110DF7CCD4567DD57830054B7DD5AC910F32021B56C6D5 623DD664BD1AA8F0D5AF317165BDD66CDDD61D5100D3701F14A003BB7006BC1007F8B2C16EBDD77CDDD70CC0078160012F00038B100C5D5001BE80990CE02193 40D07DFDD8903DD60C3003203003C4CB400140094819D99CDDD96ECD00F7300D12E8D97B1D10003B National Desk; SECTA North Dakota Has Instituted Abortion Ban Once Again By Sonia A. Rao 704 words 24 November 2025 The New York Times NYTF Late Edition - Final 19 English Copyright 2025 The New York Times Company. All Rights Reserved. On Friday, a state Supreme Court ruling reinstated a near-total abortion ban, reversing a judge's earlier decision. The North Dakota Supreme Court reinstated a near-total abortion ban on Friday, reversing a judge's earlier decision and making abortion once again illegal in the state. In North Dakota, it will now be a felony for doctors to perform abortions, except to protect a pregnant woman's life or health, or in the case of rape or incest in the first six weeks of pregnancy. Patients are protected from prosecution, but doctors who violate the ban could face up to five years in prison and a $10,000 fine. Twelve other states in the U.S. have similar or more restrictive bans on abortion . Medical providers in and near North Dakota said the ruling would likely exacerbate fears doctors and patients have around providing and receiving medically necessary abortions, in a",,,,,,,,,,,,
53,NYT,trump_ii,2025-04-04,Trump's Pick to Argue at Supreme Court Made His Name in the Culture Wars,,1916,0,federal_executive,1,0,1,0,0,0,1,1,0,2,0,0,0,0,"Times Company. All Rights Reserved. President Trump's choice for solicitor general, D. John Sauer, has long pushed for restrictions on abortion and access to contraception. When Chuck Hatfield, a lawyer in Missouri, showed up at a 2019 hearing to represent Planned Parenthood in its fight to keep a license for the state's lone surgical abortion clinic, he was surprised to see a familiar face opposing him in the state's solicitor general, D. John Sauer. It was an administrative hearing, not a high-stakes trial, but Mr. Sauer, Missouri's top appellate lawyer, had not sent a deputy. Instead, he came to argue himself that Planned Parenthood 's license should not be renewed because of a handful of cases of complications resulting from abortions. Mr. Sauer lost the hearing, but he had come prepared for a fight. ''He litigated the case aggressively,'' Mr. Hatfield said. Mr. Sauer, 50, now President Trump's selection to be the U.S. solicitor general -- the top Justice Department official representing the federal government in arguments before the Supreme Court -- first gained national attention last year when he represented Mr. Trump in his presidential immunity case. He presented a bold argument: A former president could be immune from",,,,,,,,,,,,
54,NYT,trump_ii,2025-09-09,States in Showdown Over Abortion Shield Laws,,1915,0,federal_executive,0,1,1,0,0,0,0,0,0,2,3,0,1,0,"B10C9924109CC00A58607C5A11007EE00244B616B5E0069493115FA715F02010B8803254805B1600167FF3B66CC103C5E09A3AD300026006C0B51580D0190CC0 0C6F10AB5A610C622610E8B016B7809913E1017C861E4740690231069051086B0109CC3010CCA415CA6070634083FE200F11B1004AA71575C08D50FF30195C50 865A110C8C2910111B1A0F80360AC102FDF81A71108C03E1078AE405F3F501F3DA7899C90D5A01074D3B1329F50B225008D13816B0E37EEE2011E320095A410D BF3B107F130418E50F731068FF100280BB0A89C1116CA002399003C0500FD94008A5B502A3E46DAD6609B20507D3A4109DC20974240856F30F1A90100C2088FE 100F877BC1BB310C43351158A061B0B103B5A7101A10553DA0BC3FA91675B040346B59F2A0101F000BFE3009EC3B107BC0AFC370A3FFD04F51A00EB16A026646 114D90047200A54770037DC099D8D8069D7207778201CEA94FE2B0069F3B1100907311A088FFC0007AE0094428117250A712F1B7C340A414B101DBFF000FAE05 00CEF00AD1CB113500068C30050000001A300E12F006A3600FD8EB0FA730B30AE10BB030029D7611BDD00CFB421107E00D6D3511A9F0A119D104E1100947C016 3050047D0047854C021B34106A500B8539103EA008AD360460C0611431059280AA3EB11CA7110BFF8911335005E4400E9B40B41A713B19031373410469F90F7D F8239B2A1205D06A02516F1BB10170900CFA0302B250014AD00B1639113B6C3814310F8870CD58D0A7F8AC11049000E260B00BD20429E508E5FC11080054A2F0 CF1FC10BFE800E1451001F9009B2D0004A900A16ECD01CBD2025709EF39102DAAA00E70B1306700E984003DADCD114A101D17804A5100202600456AAE0015D20 0783A08119700D0FCCD23EFDD31C410A71B005D15001372913083003770CD40A7100D83B085BB05AF7110DF7CCD4567DD57830054B7DD5AC910F32021B56C6D5 623DD664BD1AA8F0D5AF317165BDD66CDDD61D5100D3701F14A003BB7006BC1007F8B2C16EBDD77CDDD70CC0078160012F00038B100C5D5001BE80990CE02193 40D07DFDD8903DD60C3003203003C4CB400140094819D99CDDD96ECD00F7300D12E8D97B1D10003B National Desk; SECTA States in Showdown Over Abortion Shield Laws By Pam Belluck 1,828 words 9 September 2025 The New York Times NYTF Late Edition - Final 1 English Copyright 2025 The New York Times Company. All Rights Reserved. Texas and New York are at the leading edge of an escalating states' rights battle over the mailing of abortion pills to patients in states with bans. America's battle over abortion has entered an intense phase of legal maneuvering over a deeply fraught issue of states' rights: Whether states must honor one another's abortion laws. At the center of the fight are abortion shield laws, which were adopted by many states that support abortion rights after the Supreme Court revoked the nationwide right to abortion three years ago. Shield laws in at least eight states protect health care providers who prescribe abortion pills by telemedicine and send them to patients in states with abortion bans. Officials in those shield-law states are prevented from obeying subpoenas, extradition requests and other legal actions that states with bans take against abortion providers. That is a stark departure from typical interstate practices",,,,,,,,,,,,
55,NYT,trump_ii,2025-06-01,Holding a Clinic,,865,0,state_legislation,0,0,0,0,0,0,0,0,0,0,0,0,0,0,"strike -- only to question the purpose of protest. STATE CHAMP, by Hilary Plum Though the decision to seek an abortion is an inherently private one, walking into an abortion clinic in the United States can be an uncannily public act. A patient may have to dodge protesters trying to block her path to the building, or hide her face as they brandish photos of fetal remains. This disconnect between the politicization of female bodies and the personal experience of inhabiting them is darkly fitting: Roe v. Wade derived the right to abortion from the right to privacy; after Roe was overturned, individual lives became a matter of communal interest. It is a disconnect that haunts ''State Champ,'' the sixth book by the novelist, poet and nonfiction writer Hilary Plum. The novel follows Angela Peterson, a 28-year-old receptionist at an abortion clinic in an unnamed Midwestern state where a ''heartbeat law'' has recently banned most abortions after six weeks. After Angela's boss, Dr. M, is sentenced to at least 12 years in prison for violating this law, a jobless Angela takes up residence in the defunct clinic and stops eating. Reporters show up to interview and photograph her. The novel",,,,,,,,,,,,
56,NYT,trump_ii,2026-05-05,Court Restores Access by Mail To Abortion Pill,health,1112,0,federal_executive,1,0,1,0,0,0,1,0,0,1,2,0,0,0,"865A110C8C2910111B1A0F80360AC102FDF81A71108C03E1078AE405F3F501F3DA7899C90D5A01074D3B1329F50B225008D13816B0E37EEE2011E320095A410D BF3B107F130418E50F731068FF100280BB0A89C1116CA002399003C0500FD94008A5B502A3E46DAD6609B20507D3A4109DC20974240856F30F1A90100C2088FE 100F877BC1BB310C43351158A061B0B103B5A7101A10553DA0BC3FA91675B040346B59F2A0101F000BFE3009EC3B107BC0AFC370A3FFD04F51A00EB16A026646 114D90047200A54770037DC099D8D8069D7207778201CEA94FE2B0069F3B1100907311A088FFC0007AE0094428117250A712F1B7C340A414B101DBFF000FAE05 00CEF00AD1CB113500068C30050000001A300E12F006A3600FD8EB0FA730B30AE10BB030029D7611BDD00CFB421107E00D6D3511A9F0A119D104E1100947C016 3050047D0047854C021B34106A500B8539103EA008AD360460C0611431059280AA3EB11CA7110BFF8911335005E4400E9B40B41A713B19031373410469F90F7D F8239B2A1205D06A02516F1BB10170900CFA0302B250014AD00B1639113B6C3814310F8870CD58D0A7F8AC11049000E260B00BD20429E508E5FC11080054A2F0 CF1FC10BFE800E1451001F9009B2D0004A900A16ECD01CBD2025709EF39102DAAA00E70B1306700E984003DADCD114A101D17804A5100202600456AAE0015D20 0783A08119700D0FCCD23EFDD31C410A71B005D15001372913083003770CD40A7100D83B085BB05AF7110DF7CCD4567DD57830054B7DD5AC910F32021B56C6D5 623DD664BD1AA8F0D5AF317165BDD66CDDD61D5100D3701F14A003BB7006BC1007F8B2C16EBDD77CDDD70CC0078160012F00038B100C5D5001BE80990CE02193 40D07DFDD8903DD60C3003203003C4CB400140094819D99CDDD96ECD00F7300D12E8D97B1D10003B National Desk; SECTA Court Restores Access by Mail To Abortion Pill By Ann E. Marimow and Pam Belluck 1,020 words 5 May 2026 The New York Times NYTF Late Edition - Final 1 English Copyright 2026 The New York Times Company. All Rights Reserved. A lower-court ruling had reinstated a Food and Drug Administration requirement that patients visit a health care provider in person to obtain mifepristone. The Supreme Court on Monday restored nationwide access to a widely used abortion medication in a temporary order that will, for now, allow women to once again obtain the pill mifepristone by mail. In a brief order, Justice Samuel A. Alito Jr. paused a lower-court ruling from Friday that had prevented abortion providers from prescribing the pills by telemedicine and shipping them to patients, causing confusion for providers and patients. The one-sentence order imposes a pause until at least May 11. He requested that the parties file briefs by Thursday, and then the full court will determine how to proceed. The state of Louisiana sued the Food and Drug Administration to restrict access to mifepristone, saying the availability of the medication by",,,,,,,,,,,,
57,NYT,trump_ii,2026-05-15,Justices Extend Access by Mail To Abortion Pill,health,1086,0,supreme_court_ruling,0,0,0,0,0,0,0,0,0,0,1,0,0,0,"865A110C8C2910111B1A0F80360AC102FDF81A71108C03E1078AE405F3F501F3DA7899C90D5A01074D3B1329F50B225008D13816B0E37EEE2011E320095A410D BF3B107F130418E50F731068FF100280BB0A89C1116CA002399003C0500FD94008A5B502A3E46DAD6609B20507D3A4109DC20974240856F30F1A90100C2088FE 100F877BC1BB310C43351158A061B0B103B5A7101A10553DA0BC3FA91675B040346B59F2A0101F000BFE3009EC3B107BC0AFC370A3FFD04F51A00EB16A026646 114D90047200A54770037DC099D8D8069D7207778201CEA94FE2B0069F3B1100907311A088FFC0007AE0094428117250A712F1B7C340A414B101DBFF000FAE05 00CEF00AD1CB113500068C30050000001A300E12F006A3600FD8EB0FA730B30AE10BB030029D7611BDD00CFB421107E00D6D3511A9F0A119D104E1100947C016 3050047D0047854C021B34106A500B8539103EA008AD360460C0611431059280AA3EB11CA7110BFF8911335005E4400E9B40B41A713B19031373410469F90F7D F8239B2A1205D06A02516F1BB10170900CFA0302B250014AD00B1639113B6C3814310F8870CD58D0A7F8AC11049000E260B00BD20429E508E5FC11080054A2F0 CF1FC10BFE800E1451001F9009B2D0004A900A16ECD01CBD2025709EF39102DAAA00E70B1306700E984003DADCD114A101D17804A5100202600456AAE0015D20 0783A08119700D0FCCD23EFDD31C410A71B005D15001372913083003770CD40A7100D83B085BB05AF7110DF7CCD4567DD57830054B7DD5AC910F32021B56C6D5 623DD664BD1AA8F0D5AF317165BDD66CDDD61D5100D3701F14A003BB7006BC1007F8B2C16EBDD77CDDD70CC0078160012F00038B100C5D5001BE80990CE02193 40D07DFDD8903DD60C3003203003C4CB400140094819D99CDDD96ECD00F7300D12E8D97B1D10003B National Desk; SECTA Justices Extend Access by Mail To Abortion Pill By Ann E. Marimow 1,000 words 15 May 2026 The New York Times NYTF Late Edition - Final 1 English Copyright 2026 The New York Times Company. All Rights Reserved. A federal appeals court ruling against the Food and Drug Administration would have restricted access by mail to mifepristone. The Supreme Court on Thursday ruled that a widely used abortion medication could continue to be prescribed by telehealth and sent to patients by mail. Two manufacturers of mifepristone had asked the Supreme Court to intervene after the conservative U.S. Court of Appeals for the Fifth Circuit restricted access to the medication nationwide. The Supreme Court's brief order means that the Fifth Circuit's decision will remain blocked, perhaps for months, while litigation continues in the lower courts. The issue could eventually return to the high court. The majority did not explain the reasons for its ruling, as is often the case when it issues emergency orders. Justices Clarence Thomas and Samuel A. Alito Jr. , the two most conservative justices, dissented, with Justice Alito calling the majority's order ''remarkable''",,,,,,,,,,,,
58,NYT,trump_ii,2026-05-03,Supreme Court Asked to Restore Patients' Access to Abortion Pill by Mail,,1358,0,supreme_court_ruling,1,0,0,0,0,0,0,0,0,0,2,0,0,0,"100F877BC1BB310C43351158A061B0B103B5A7101A10553DA0BC3FA91675B040346B59F2A0101F000BFE3009EC3B107BC0AFC370A3FFD04F51A00EB16A026646 114D90047200A54770037DC099D8D8069D7207778201CEA94FE2B0069F3B1100907311A088FFC0007AE0094428117250A712F1B7C340A414B101DBFF000FAE05 00CEF00AD1CB113500068C30050000001A300E12F006A3600FD8EB0FA730B30AE10BB030029D7611BDD00CFB421107E00D6D3511A9F0A119D104E1100947C016 3050047D0047854C021B34106A500B8539103EA008AD360460C0611431059280AA3EB11CA7110BFF8911335005E4400E9B40B41A713B19031373410469F90F7D F8239B2A1205D06A02516F1BB10170900CFA0302B250014AD00B1639113B6C3814310F8870CD58D0A7F8AC11049000E260B00BD20429E508E5FC11080054A2F0 CF1FC10BFE800E1451001F9009B2D0004A900A16ECD01CBD2025709EF39102DAAA00E70B1306700E984003DADCD114A101D17804A5100202600456AAE0015D20 0783A08119700D0FCCD23EFDD31C410A71B005D15001372913083003770CD40A7100D83B085BB05AF7110DF7CCD4567DD57830054B7DD5AC910F32021B56C6D5 623DD664BD1AA8F0D5AF317165BDD66CDDD61D5100D3701F14A003BB7006BC1007F8B2C16EBDD77CDDD70CC0078160012F00038B100C5D5001BE80990CE02193 40D07DFDD8903DD60C3003203003C4CB400140094819D99CDDD96ECD00F7300D12E8D97B1D10003B National Desk; SECTA Supreme Court Asked to Restore Patients' Access to Abortion Pill by Mail By Ann E. Marimow and Pam Belluck 1,270 words 3 May 2026 The New York Times NYTF Late Edition - Final 24 English Copyright 2026 The New York Times Company. All Rights Reserved. A federal appeals court temporarily halted a Food and Drug Administration regulation that has greatly expanded access to the abortion pill mifepristone. Two manufacturers of the abortion pill mifepristone asked the Supreme Court on Saturday to immediately restore full access to the medication, putting the contentious issue of abortion back before the justices in a midterm election year. The requests came after a lower court on Friday temporarily restricted abortion providers nationwide from prescribing the pills by telemedicine and sending them to patients by mail. That process is one of the main ways women seeking abortions have obtained the medication in recent years. If the order on Friday by a federal appeals court is upheld, it could sow confusion and upend a major avenue for abortion access across the country -- not just in states with abortion bans. About one-fourth of abortions in",,,,,,,,,,,,
59,NYT,trump_ii,2025-07-03,Care Provider For Women Risks Losing Federal Funds,health,1410,0,federal_executive,1,0,0,0,0,0,1,0,0,0,0,0,1,0,"16 English Copyright 2025 The New York Times Company. All Rights Reserved. Under the new spending bill, the nation's largest abortion provider would have to stop offering abortion in some states or lose millions in Medicaid funding for basic health care. When Senate Republicans voted on Tuesday to pass President Trump's spending bill, abortion opponents came one step closer to stripping Planned Parenthood of federal funding -- a move that could jeopardize abortion access for patients even in states where abortion is legal. The bill imposes a one-year ban on state Medicaid payments to any health care nonprofit that offers abortions and received more than $800,000 in federal funding in 2023. The restriction jeopardizes Planned Parenthood 's ability to keep operating in some states. While federal law already prohibits federal Medicaid dollars from paying for abortions, the bill would affect the stream of federal money that covers other services, and thus helps keep clinics open. Though not all individual Planned Parenthood locations provide abortions, the legislative language could knock them out of Medicaid if they are part of a regional network that does offer the procedures. Planned Parenthood affiliates -- each an independently run nonprofit that operates clinics across a",,,,,,,,,,,,
60,NYT,trump_ii,2025-12-23,"As Clinics Shut, Abortion Foes Seize Moment",news,2509,0,federal_executive,1,1,0,0,1,0,1,0,0,0,0,0,2,0,"FFE1065830102E965EFEC003234084807031F7C1039904025C800D5E5209CCD10239D50E3543272D001AB0C6A114A1ADB0310DD7882CD1C8942D20144000076C B10C9924109CC00A58607C5A11007EE00244B616B5E0069493115FA715F02010B8803254805B1600167FF3B66CC103C5E09A3AD300026006C0B51580D0190CC0 0C6F10AB5A610C622610E8B016B7809913E1017C861E4740690231069051086B0109CC3010CCA415CA6070634083FE200F11B1004AA71575C08D50FF30195C50 865A110C8C2910111B1A0F80360AC102FDF81A71108C03E1078AE405F3F501F3DA7899C90D5A01074D3B1329F50B225008D13816B0E37EEE2011E320095A410D BF3B107F130418E50F731068FF100280BB0A89C1116CA002399003C0500FD94008A5B502A3E46DAD6609B20507D3A4109DC20974240856F30F1A90100C2088FE 100F877BC1BB310C43351158A061B0B103B5A7101A10553DA0BC3FA91675B040346B59F2A0101F000BFE3009EC3B107BC0AFC370A3FFD04F51A00EB16A026646 114D90047200A54770037DC099D8D8069D7207778201CEA94FE2B0069F3B1100907311A088FFC0007AE0094428117250A712F1B7C340A414B101DBFF000FAE05 00CEF00AD1CB113500068C30050000001A300E12F006A3600FD8EB0FA730B30AE10BB030029D7611BDD00CFB421107E00D6D3511A9F0A119D104E1100947C016 3050047D0047854C021B34106A500B8539103EA008AD360460C0611431059280AA3EB11CA7110BFF8911335005E4400E9B40B41A713B19031373410469F90F7D F8239B2A1205D06A02516F1BB10170900CFA0302B250014AD00B1639113B6C3814310F8870CD58D0A7F8AC11049000E260B00BD20429E508E5FC11080054A2F0 CF1FC10BFE800E1451001F9009B2D0004A900A16ECD01CBD2025709EF39102DAAA00E70B1306700E984003DADCD114A101D17804A5100202600456AAE0015D20 0783A08119700D0FCCD23EFDD31C410A71B005D15001372913083003770CD40A7100D83B085BB05AF7110DF7CCD4567DD57830054B7DD5AC910F32021B56C6D5 623DD664BD1AA8F0D5AF317165BDD66CDDD61D5100D3701F14A003BB7006BC1007F8B2C16EBDD77CDDD70CC0078160012F00038B100C5D5001BE80990CE02193 40D07DFDD8903DD60C3003203003C4CB400140094819D99CDDD96ECD00F7300D12E8D97B1D10003B National Desk; SECTA As Clinics Shut, Abortion Foes Seize Moment By Caroline Kitchener, Ashley Cai and Jamie Kelter Davis 2,406 words 23 December 2025 The New York Times NYTF Late Edition - Final 1 English Copyright 2025 The New York Times Company. All Rights Reserved. Tamra Call recognized an opportunity for her Christian-based clinic to reach more women than ever before. For months, Ms. Call had been hearing news reports of Planned Parenthoods closing across the country -- forced to shutter amid funding cuts from the Trump administration. Now, the closures had reached her hometown, Ames, Iowa. In just a few days, the Planned Parenthood one block from Iowa State University would close, leaving thousands of students in Ames with few options for reproductive health care. Obria Medical Clinic -- providing care Ms. Call describes as ''Christ-centered'' and ''life-affirming'' -- was ready to step in. About 50 of Planned Parenthood 's nearly 600 clinics have shut down this year, largely because of Republican moves to cut the organization off from government money -- fulfilling a long-held conservative dream to defund the nation's largest abortion provider. Already",,,,,,,,,,,,
61,WSJ,post_dobbs,2024-04-02,Will Abortion Make Florida a Swing State? Overruling DeSantis's six-week restriction is coming to the ballot.,Review & Outlook,787,1,supreme_court_ruling,0,0,0,0,0,0,0,0,0,1,0,0,0,0,"C716139DE92405AA5F35C184C48C30A07DA7FC1F0CDD833B220D6927ACE9640181781F03D8278F0F4425DCD616C64BC12E565C581368943117F44CA28583B495 360B2A45B908C4A6DE7B0BDF4A860633E57136F3AC5BF0A2B3A6CC7DD05186E29141E533B0372D315DF011964FDDF4A4FAC5722CDE21CA29C5D5A6457DA742B0 EAE68C383329DD580B45B27AD3E4789446118AABA95FCCC93C1F5846479571AD24195742730880B1D826572715C31EF3644C0660B19D1ECBC8772C8445EB20C9 8E7E8C19694EE827DD7C0D3D2FB257DEA0815A34B8734AAFE5A463B0C84FD7FFF831A6FC625E5CA9B60F34B2B56199CB556C40D219318A8B0B35156283A0E52D 05B533A52E6A556CD5F6985A39082F3DF15FFF5498A8BC28437F9CF40B700E76A56FD9C678CF6D59C7B2F4B56B31CD5626922C75596997D3FC0D49ABCB16CD68 34D2557905AB07BAE35C72C55BF8F1C6B5D232995B4612B9916E2450A25D495BBB3B4CF55189BFA8844E529868AC2F39074A0E9B94735CE7B5F241876202E2EE 7DB0D43D3B21C493D11A4B0F39D5BF306E74BE4EBDF0EEBCC223AFB86A43D422609FD0E019F9A204C22CC9CA107BB555F8D92EA164ABE9F36C04C6891627B377 29E38896273FB72C0559482ED81DBD06E29B226C9E77092358D4CCCC520566FF2C037B1B8A24199B7419314D614C968D34C2A0861534A03BB10F775813652765 8B61AE411FB96693AB9625094F839BD4CFD284919078713D81D9CC764CD3BEDDF8B84E3FB54C72CD979DDBE1EB961E53C6F836C330842C65B30CCB04A6191AAB B67C62A7DB21CE77DC941E2A2D312C523CE5593E393C34D42913BDCECA1177E3C51F9EE77DDB590C47685DA37219E93AD1190B74F216CB15F4B54009E2919F8A F953477D87185E73E6615C08C8AC8C8F32E97E0C4200394678AEC430A58DC1877C812DF415333AF47E0C1AFEDD6E9BD8123E288DD9D9C6F2BC31D6843668B8E6 184F0319ECD0DB761217F84D2623549B609B8FE37D8CEE62CA3FFF7D628C7E8D82CB0DD61648BC1232E044028B172348F39ADBFCE638CFB9CE77CEF39EFBFCE7 400FBAD0874EF4A21BFDE8484FBAD297CEF4A63BFDE9508FBAD4A74EF5AA5BFDEA58CFBAD6B7CEF5AE7BFDEB600FBBD8C74EF6B29BFDEC684FBBDAD7CEF6B6BB FDED708FBBDCE74EF7BADBFDEE78CFBBDEF7CEF7BEFBFDEF800FBCE0074FF8C21BFEF0884FBCE217CF78B40704003B Review & Outlook (U.S.) Opinion Will Abortion Make Florida a Swing State? Overruling DeSantis's six-week restriction is coming to the ballot. By The Editorial Board 741 words 2 April 2024 21:46 GMT The Wall Street Journal Online WSJO English Copyright 2024 Dow Jones & Company, Inc. All Rights Reserved. Take a bow, Justice Samuel Alito . On Monday the Florida Supreme Court provided further vindication for his 2022 Dobbs opinion overturning Roe v. Wad e and returning abortion policy to the people to decide. The Florida court let Gov. Ron DeSantis 's six-week abortion restriction take effect, while also approving a ballot measure that will leave its ultimate fate up to voters. The fall of Roe unleashed Democratic enthusiasm to protect abortion rights, including with state constitutional amendments passed by Michigan and Ohio. President Biden hopes it will propel voters to the polls in November. Mr. Biden lost Florida in 2020 to Donald Trump by 3.4 points, or 372,000 votes. Democrats are also trying to get abortion on the ballot in other states, including Arizona, which Mr. Biden won by 10,457 votes. Liberals claim Dobbs has",,,,,,,,,,,,
62,WSJ,post_dobbs,2024-05-28,"Melinda French Gates to Donate $1 Billion to Groups Supporting Women, Abortion Rights; Philanthropist discloses her first major donations since saying she would resign from the Gates Foundation to Donate $1 Billion to Groups Supporting Women, Abortion Rights; Philanthropist discloses her first major donations since saying she would resign from the",,831,0,patient_medical_case,0,0,0,0,0,0,0,0,0,5,0,0,0,0,"29E38896273FB72C0559482ED81DBD06E29B226C9E77092358D4CCCC520566FF2C037B1B8A24199B7419314D614C968D34C2A0861534A03BB10F775813652765 8B61AE411FB96693AB9625094F839BD4CFD284919078713D81D9CC764CD3BEDDF8B84E3FB54C72CD979DDBE1EB961E53C6F836C330842C65B30CCB04A6191AAB B67C62A7DB21CE77DC941E2A2D312C523CE5593E393C34D42913BDCECA1177E3C51F9EE77DDB590C47685DA37219E93AD1190B74F216CB15F4B54009E2919F8A F953477D87185E73E6615C08C8AC8C8F32E97E0C4200394678AEC430A58DC1877C812DF415333AF47E0C1AFEDD6E9BD8123E288DD9D9C6F2BC31D6843668B8E6 184F0319ECD0DB761217F84D2623549B609B8FE37D8CEE62CA3FFF7D628C7E8D82CB0DD61648BC1232E044028B172348F39ADBFCE638CFB9CE77CEF39EFBFCE7 400FBAD0874EF4A21BFDE8484FBAD297CEF4A63BFDE9508FBAD4A74EF5AA5BFDEA58CFBAD6B7CEF5AE7BFDEB600FBBD8C74EF6B29BFDEC684FBBDAD7CEF6B6BB FDED708FBBDCE74EF7BADBFDEE78CFBBDEF7CEF7BEFBFDEF800FBCE0074FF8C21BFEF0884FBCE217CF78B40704003B Business Business Melinda French Gates to Donate $1 Billion to Groups Supporting Women, Abortion Rights; Philanthropist discloses her first major donations since saying she would resign from the Gates Foundation to Donate $1 Billion to Groups Supporting Women, Abortion Rights; Philanthropist discloses her first major donations since saying she would resign from the By Alyssa Lukpat 692 words 28 May 2024 19:07 GMT The Wall Street Journal Online WSJO English Copyright 2024 Dow Jones & Company, Inc. All Rights Reserved. Melinda French Gates said she will be donating $1 billion over the next two years to organizations and individuals supporting women, families and abortion rights. Her organization Pivotal Ventures announced the donations Tuesday, about two weeks after she \* HYPERLINK ""https://www.wsj.com/business/melinda-french-gates-is-resigning-from-the-gates-foundation-76b0fcd7"" said she was resigning from the Bill & Melinda Gates Foundation . She said she was leaving the foundation she started with her ex-husband, Microsoft co-founder Bill Gates , on June 7 to do philanthropy elsewhere. As part of an agreement with Gates, she was set to receive $12.5 billion to commit to her work for women and girls. ""For too long, a lack of money has forced organizations fighting for women's",,,,,,,,,,,,
63,WSJ,post_dobbs,2022-07-02,"New York Lawmakers Firm Up Gun, Abortion Rules Following Supreme Court Decisions; Gov. Kathy Hochul signed legislation on Friday aimed at keeping weapons out of sensitive areas as lawmakers began the process of adding an amendment to the state Constitution to protect abortion rights",Politics,832,0,election_campaign,0,0,1,0,0,0,0,0,0,2,0,0,0,0,"05B533A52E6A556CD5F6985A39082F3DF15FFF5498A8BC28437F9CF40B700E76A56FD9C678CF6D59C7B2F4B56B31CD5626922C75596997D3FC0D49ABCB16CD68 34D2557905AB07BAE35C72C55BF8F1C6B5D232995B4612B9916E2450A25D495BBB3B4CF55189BFA8844E529868AC2F39074A0E9B94735CE7B5F241876202E2EE 7DB0D43D3B21C493D11A4B0F39D5BF306E74BE4EBDF0EEBCC223AFB86A43D422609FD0E019F9A204C22CC9CA107BB555F8D92EA164ABE9F36C04C6891627B377 29E38896273FB72C0559482ED81DBD06E29B226C9E77092358D4CCCC520566FF2C037B1B8A24199B7419314D614C968D34C2A0861534A03BB10F775813652765 8B61AE411FB96693AB9625094F839BD4CFD284919078713D81D9CC764CD3BEDDF8B84E3FB54C72CD979DDBE1EB961E53C6F836C330842C65B30CCB04A6191AAB B67C62A7DB21CE77DC941E2A2D312C523CE5593E393C34D42913BDCECA1177E3C51F9EE77DDB590C47685DA37219E93AD1190B74F216CB15F4B54009E2919F8A F953477D87185E73E6615C08C8AC8C8F32E97E0C4200394678AEC430A58DC1877C812DF415333AF47E0C1AFEDD6E9BD8123E288DD9D9C6F2BC31D6843668B8E6 184F0319ECD0DB761217F84D2623549B609B8FE37D8CEE62CA3FFF7D628C7E8D82CB0DD61648BC1232E044028B172348F39ADBFCE638CFB9CE77CEF39EFBFCE7 400FBAD0874EF4A21BFDE8484FBAD297CEF4A63BFDE9508FBAD4A74EF5AA5BFDEA58CFBAD6B7CEF5AE7BFDEB600FBBD8C74EF6B29BFDEC684FBBDAD7CEF6B6BB FDED708FBBDCE74EF7BADBFDEE78CFBBDEF7CEF7BEFBFDEF800FBCE0074FF8C21BFEF0884FBCE217CF78B40704003B Politics and Policy Politics New York Lawmakers Firm Up Gun, Abortion Rules Following Supreme Court Decisions; Gov. Kathy Hochul signed legislation on Friday aimed at keeping weapons out of sensitive areas as lawmakers began the process of adding an amendment to the state Constitution to protect abortion rights By Jimmy Vielkind 756 words 2 July 2022 01:10 GMT The Wall Street Journal Online WSJO English Copyright 2022 Dow Jones & Company, Inc. All Rights Reserved. New York lawmakers on Friday overhauled \* HYPERLINK ""https://www.wsj.com/articles/supreme-court-strikes-down-new-york-law-on-concealed-weapons-11655995248"" the state's gun laws and started the process of amending the state Constitution to cement the right to an abortion in an extraordinary session called in response to recent U.S. Supreme Court rulings. The gun bill passed the Democratic-controlled state Senate and Assembly along party lines and Democratic Gov. Kathy Hochul immediately signed it. The bill's provisions take effect Sept. 1. The measure requires concealed-weapon applicants to undergo in-person training and have ""the essential character, temperament and judgment necessary to be entrusted with a weapon and to use it only in a manner that does not endanger oneself or others."" Applicants must also disclose former and",,,,,,,,,,,,
64,WSJ,post_dobbs,2022-07-02,"Texas' Nearly Century-Old Abortion Ban in Effect for Now, State's High Court Says; Prohibition from 1925 to stay in force at least temporarily, court rules, with more court proceedings ahead",News,452,0,federal_executive,0,1,0,0,0,0,1,0,0,0,2,0,0,0,"C716139DE92405AA5F35C184C48C30A07DA7FC1F0CDD833B220D6927ACE9640181781F03D8278F0F4425DCD616C64BC12E565C581368943117F44CA28583B495 360B2A45B908C4A6DE7B0BDF4A860633E57136F3AC5BF0A2B3A6CC7DD05186E29141E533B0372D315DF011964FDDF4A4FAC5722CDE21CA29C5D5A6457DA742B0 EAE68C383329DD580B45B27AD3E4789446118AABA95FCCC93C1F5846479571AD24195742730880B1D826572715C31EF3644C0660B19D1ECBC8772C8445EB20C9 8E7E8C19694EE827DD7C0D3D2FB257DEA0815A34B8734AAFE5A463B0C84FD7FFF831A6FC625E5CA9B60F34B2B56199CB556C40D219318A8B0B35156283A0E52D 05B533A52E6A556CD5F6985A39082F3DF15FFF5498A8BC28437F9CF40B700E76A56FD9C678CF6D59C7B2F4B56B31CD5626922C75596997D3FC0D49ABCB16CD68 34D2557905AB07BAE35C72C55BF8F1C6B5D232995B4612B9916E2450A25D495BBB3B4CF55189BFA8844E529868AC2F39074A0E9B94735CE7B5F241876202E2EE 7DB0D43D3B21C493D11A4B0F39D5BF306E74BE4EBDF0EEBCC223AFB86A43D422609FD0E019F9A204C22CC9CA107BB555F8D92EA164ABE9F36C04C6891627B377 29E38896273FB72C0559482ED81DBD06E29B226C9E77092358D4CCCC520566FF2C037B1B8A24199B7419314D614C968D34C2A0861534A03BB10F775813652765 8B61AE411FB96693AB9625094F839BD4CFD284919078713D81D9CC764CD3BEDDF8B84E3FB54C72CD979DDBE1EB961E53C6F836C330842C65B30CCB04A6191AAB B67C62A7DB21CE77DC941E2A2D312C523CE5593E393C34D42913BDCECA1177E3C51F9EE77DDB590C47685DA37219E93AD1190B74F216CB15F4B54009E2919F8A F953477D87185E73E6615C08C8AC8C8F32E97E0C4200394678AEC430A58DC1877C812DF415333AF47E0C1AFEDD6E9BD8123E288DD9D9C6F2BC31D6843668B8E6 184F0319ECD0DB761217F84D2623549B609B8FE37D8CEE62CA3FFF7D628C7E8D82CB0DD61648BC1232E044028B172348F39ADBFCE638CFB9CE77CEF39EFBFCE7 400FBAD0874EF4A21BFDE8484FBAD297CEF4A63BFDE9508FBAD4A74EF5AA5BFDEA58CFBAD6B7CEF5AE7BFDEB600FBBD8C74EF6B29BFDEC684FBBDAD7CEF6B6BB FDED708FBBDCE74EF7BADBFDEE78CFBBDEF7CEF7BEFBFDEF800FBCE0074FF8C21BFEF0884FBCE217CF78B40704003B U.S. News US Texas' Nearly Century-Old Abortion Ban in Effect for Now, State's High Court Says; Prohibition from 1925 to stay in force at least temporarily, court rules, with more court proceedings ahead By Brent Kendall 371 words 2 July 2022 16:51 GMT The Wall Street Journal Online WSJO English Copyright 2022 Dow Jones & Company, Inc. All Rights Reserved. A nearly century-old Texas ban on abortions can take effect, at least for now, the state Supreme Court said Friday night. The court's \* HYPERLINK ""https://www.documentcloud.org/documents/22077864-22-0527"" one-page order blocked a temporary postponement of the ban's enforcement that abortion providers had won from a judge in Houston earlier in the week. The Houston judge said \* HYPERLINK ""https://www.wsj.com/articles/state-judges-are-in-spotlight-after-supreme-court-overrules-roe-v-wade-11656444559"" the ban, which dates to 1925 , had been previously repealed. The state disagrees. The Texas Supreme Court called for additional legal briefing, while the lower-court judge also has an additional hearing scheduled, so Friday's order isn't the last word in the case. ""Our state's pre-Roe statutes banning abortion in Texas are 100% good law,"" state Republican Attorney General Ken Paxton \* HYPERLINK ""https://twitter.com/KenPaxtonTX/status/1543193949808066560?ref_src=twsrc^google|twcamp^serp|twgr^tweet"" said Saturday on Twitter .",,,,,,,,,,,,
65,WSJ,post_dobbs,2022-07-02,"Google to Delete Abortion -Clinic Visits From Location History; Move follows Supreme Court decision that eliminated constitutional right to an abortion and addresses potential of warrants, subpoenas",,618,0,other,0,0,0,0,0,0,0,0,0,0,0,0,0,0,"ECA38D7819882EEB41B625F5AA66C78B0DA9F8C4BBCFB9C936FBF01B98AE89FF95B304062B1AD112A05C199B1A7E2F502D6C4DB2E674CC59FAE254F2F1929BDE C716139DE92405AA5F35C184C48C30A07DA7FC1F0CDD833B220D6927ACE9640181781F03D8278F0F4425DCD616C64BC12E565C581368943117F44CA28583B495 360B2A45B908C4A6DE7B0BDF4A860633E57136F3AC5BF0A2B3A6CC7DD05186E29141E533B0372D315DF011964FDDF4A4FAC5722CDE21CA29C5D5A6457DA742B0 EAE68C383329DD580B45B27AD3E4789446118AABA95FCCC93C1F5846479571AD24195742730880B1D826572715C31EF3644C0660B19D1ECBC8772C8445EB20C9 8E7E8C19694EE827DD7C0D3D2FB257DEA0815A34B8734AAFE5A463B0C84FD7FFF831A6FC625E5CA9B60F34B2B56199CB556C40D219318A8B0B35156283A0E52D 05B533A52E6A556CD5F6985A39082F3DF15FFF5498A8BC28437F9CF40B700E76A56FD9C678CF6D59C7B2F4B56B31CD5626922C75596997D3FC0D49ABCB16CD68 34D2557905AB07BAE35C72C55BF8F1C6B5D232995B4612B9916E2450A25D495BBB3B4CF55189BFA8844E529868AC2F39074A0E9B94735CE7B5F241876202E2EE 7DB0D43D3B21C493D11A4B0F39D5BF306E74BE4EBDF0EEBCC223AFB86A43D422609FD0E019F9A204C22CC9CA107BB555F8D92EA164ABE9F36C04C6891627B377 29E38896273FB72C0559482ED81DBD06E29B226C9E77092358D4CCCC520566FF2C037B1B8A24199B7419314D614C968D34C2A0861534A03BB10F775813652765 8B61AE411FB96693AB9625094F839BD4CFD284919078713D81D9CC764CD3BEDDF8B84E3FB54C72CD979DDBE1EB961E53C6F836C330842C65B30CCB04A6191AAB B67C62A7DB21CE77DC941E2A2D312C523CE5593E393C34D42913BDCECA1177E3C51F9EE77DDB590C47685DA37219E93AD1190B74F216CB15F4B54009E2919F8A F953477D87185E73E6615C08C8AC8C8F32E97E0C4200394678AEC430A58DC1877C812DF415333AF47E0C1AFEDD6E9BD8123E288DD9D9C6F2BC31D6843668B8E6 184F0319ECD0DB761217F84D2623549B609B8FE37D8CEE62CA3FFF7D628C7E8D82CB0DD61648BC1232E044028B172348F39ADBFCE638CFB9CE77CEF39EFBFCE7 400FBAD0874EF4A21BFDE8484FBAD297CEF4A63BFDE9508FBAD4A74EF5AA5BFDEA58CFBAD6B7CEF5AE7BFDEB600FBBD8C74EF6B29BFDEC684FBBDAD7CEF6B6BB FDED708FBBDCE74EF7BADBFDEE78CFBBDEF7CEF7BEFBFDEF800FBCE0074FF8C21BFEF0884FBCE217CF78B40704003B Business Business Google to Delete Abortion -Clinic Visits From Location History; Move follows Supreme Court decision that eliminated constitutional right to an abortion and addresses potential of warrants, subpoenas By Patience Haggin 524 words 2 July 2022 03:18 GMT The Wall Street Journal Online WSJO English Copyright 2022 Dow Jones & Company, Inc. All Rights Reserved. Google said it would begin automatically deleting visits to abortion clinics from its users' location history, a move that comes amid growing calls for tech companies \* HYPERLINK ""https://www.wsj.com/articles/abortion-tech-data-privacy-answers-11656520992"" to ramp up privacy controls in the wake of last week's \* HYPERLINK ""https://www.wsj.com/articles/supreme-court-overturns-roe-v-wade-eliminates-constitutional-right-to-abortion-11656080124"" Supreme Court decision to eliminate \* HYPERLINK ""https://www.wsj.com/articles/how-the-supreme-court-overturned-roe-v-wade-and-abortion-rights-11656081705"" the constitutional right to an abortion . The company, a unit of Alphabet Inc ., said physical locations visited by users of Google products are stored in the location-history setting of their Google account. That setting is off by default, and location data is only stored for the people who have opted to turn it on, Jen Fitzpatrick, Google 's senior vice president for core systems and experiences, \* HYPERLINK ""https://blog.google/technology/safety-security/protecting-peoples-privacy-on-health-topics/"" wrote in a blog post Friday. ""Some",,,,,,,,,,,,
66,WSJ,post_dobbs,2022-06-26,Supreme Court's Roe v. Wade Ruling Sets Off Protests as States Plan Moves; Demonstrations continue across the country as high court's decision ends nearly 50 years of constitutional protection for abortion rights,News,977,0,protest_mobilization,0,0,1,0,0,1,0,0,0,2,1,0,0,0,"States Plan Moves; Demonstrations continue across the country as high court's decision ends nearly 50 years of constitutional protection for abortion rights By Laura Kusisto, Ginger Adams Otis and Jennifer Calfas 881 words 26 June 2022 01:24 GMT The Wall Street Journal Online WSJO English Copyright 2022 Dow Jones & Company, Inc. All Rights Reserved. Protests and rallies continued Saturday in response to the Supreme Court's ruling that \* HYPERLINK ""https://www.wsj.com/articles/supreme-court-overturns-roe-v-wade-eliminates-constitutional-right-to-abortion-11656080124"" ended constitutional protections for abortion rights, as states continue to adjust to a decision that overturned \* HYPERLINK ""https://www.wsj.com/livecoverage/supreme-court-decision-roe-v-wade-6-24-2022"" nearly 50 years of law . \* HYPERLINK ""https://www.wsj.com/articles/supreme-courts-roe-v-wade-ruling-sets-off-protests-as-states-plan-next-moves-11656149401?mod=livecoverage_web"" Abortion -rights demonstrators have converged in cities across the U.S. since Friday's decision. Demonstrations took place from Los Angeles to Philadelphia on Saturday, following protests Friday from Washington Square Park in New York City to Cedar Rapids, Iowa, and Albuquerque, N.M. In Indianapolis, hundreds of abortion -rights supporters gathered outside the Indiana Statehouse, chanting and waving signs. ""The 1950s called. They want their oppression back,"" said one sign. A group of antiabortion supporters stood nearby and cheered the overturning of Roe v. Wade. There was a stream of demonstrators at the Supreme Court in Washington, including abortion opponents who took pictures",,,,,,,,,,,,
67,WSJ,post_dobbs,2024-05-17,Can a State Stop Abortion Travel? A judge says Alabama can't make it a crime to help a woman obtain an out-of-state abortion .,Review & Outlook,636,1,federal_executive,1,0,0,0,1,0,0,0,0,0,0,2,0,0,"8E7E8C19694EE827DD7C0D3D2FB257DEA0815A34B8734AAFE5A463B0C84FD7FFF831A6FC625E5CA9B60F34B2B56199CB556C40D219318A8B0B35156283A0E52D 05B533A52E6A556CD5F6985A39082F3DF15FFF5498A8BC28437F9CF40B700E76A56FD9C678CF6D59C7B2F4B56B31CD5626922C75596997D3FC0D49ABCB16CD68 34D2557905AB07BAE35C72C55BF8F1C6B5D232995B4612B9916E2450A25D495BBB3B4CF55189BFA8844E529868AC2F39074A0E9B94735CE7B5F241876202E2EE 7DB0D43D3B21C493D11A4B0F39D5BF306E74BE4EBDF0EEBCC223AFB86A43D422609FD0E019F9A204C22CC9CA107BB555F8D92EA164ABE9F36C04C6891627B377 29E38896273FB72C0559482ED81DBD06E29B226C9E77092358D4CCCC520566FF2C037B1B8A24199B7419314D614C968D34C2A0861534A03BB10F775813652765 8B61AE411FB96693AB9625094F839BD4CFD284919078713D81D9CC764CD3BEDDF8B84E3FB54C72CD979DDBE1EB961E53C6F836C330842C65B30CCB04A6191AAB B67C62A7DB21CE77DC941E2A2D312C523CE5593E393C34D42913BDCECA1177E3C51F9EE77DDB590C47685DA37219E93AD1190B74F216CB15F4B54009E2919F8A F953477D87185E73E6615C08C8AC8C8F32E97E0C4200394678AEC430A58DC1877C812DF415333AF47E0C1AFEDD6E9BD8123E288DD9D9C6F2BC31D6843668B8E6 184F0319ECD0DB761217F84D2623549B609B8FE37D8CEE62CA3FFF7D628C7E8D82CB0DD61648BC1232E044028B172348F39ADBFCE638CFB9CE77CEF39EFBFCE7 400FBAD0874EF4A21BFDE8484FBAD297CEF4A63BFDE9508FBAD4A74EF5AA5BFDEA58CFBAD6B7CEF5AE7BFDEB600FBBD8C74EF6B29BFDEC684FBBDAD7CEF6B6BB FDED708FBBDCE74EF7BADBFDEE78CFBBDEF7CEF7BEFBFDEF800FBCE0074FF8C21BFEF0884FBCE217CF78B40704003B Review & Outlook (U.S.) Opinion Can a State Stop Abortion Travel? A judge says Alabama can't make it a crime to help a woman obtain an out-of-state abortion . By The Editorial Board 567 words 17 May 2024 21:27 GMT The Wall Street Journal Online WSJO English Copyright 2024 Dow Jones & Company, Inc. All Rights Reserved. Two years after the Supreme Court reversed Roe v. Wade, some states have moved to limit abortions while others become sanctuaries. The figures tell the story: In 2023, according to the Guttmacher Institute , patients traveling across state lines accounted for 41% of abortions in Illinois, 69% in Kansas, and 71% in New Mexico. Each of those states borders tighter jurisdictions. The political fallout still isn't clear, but a legal question now percolating is whether restrictive states can make it a crime to help a woman obtain an abortion elsewhere. Alabama Attorney General Steve Marshall has argued yes, but the answer from a federal court last week is no. ""The Attorney General cannot constitutionally prosecute people for acts taken within the State meant to facilitate lawful out of state conduct, including obtaining",,,,,,,,,,,,
68,WSJ,post_dobbs,2022-08-02,Justice Department Files Lawsuit Challenging Idaho Abortion Law; DOJ says Idaho law conflicts with federal law covering hospitals that receive Medicare,Politics,1174,0,federal_executive,0,1,1,0,1,0,0,0,0,0,0,0,1,3,"05B533A52E6A556CD5F6985A39082F3DF15FFF5498A8BC28437F9CF40B700E76A56FD9C678CF6D59C7B2F4B56B31CD5626922C75596997D3FC0D49ABCB16CD68 34D2557905AB07BAE35C72C55BF8F1C6B5D232995B4612B9916E2450A25D495BBB3B4CF55189BFA8844E529868AC2F39074A0E9B94735CE7B5F241876202E2EE 7DB0D43D3B21C493D11A4B0F39D5BF306E74BE4EBDF0EEBCC223AFB86A43D422609FD0E019F9A204C22CC9CA107BB555F8D92EA164ABE9F36C04C6891627B377 29E38896273FB72C0559482ED81DBD06E29B226C9E77092358D4CCCC520566FF2C037B1B8A24199B7419314D614C968D34C2A0861534A03BB10F775813652765 8B61AE411FB96693AB9625094F839BD4CFD284919078713D81D9CC764CD3BEDDF8B84E3FB54C72CD979DDBE1EB961E53C6F836C330842C65B30CCB04A6191AAB B67C62A7DB21CE77DC941E2A2D312C523CE5593E393C34D42913BDCECA1177E3C51F9EE77DDB590C47685DA37219E93AD1190B74F216CB15F4B54009E2919F8A F953477D87185E73E6615C08C8AC8C8F32E97E0C4200394678AEC430A58DC1877C812DF415333AF47E0C1AFEDD6E9BD8123E288DD9D9C6F2BC31D6843668B8E6 184F0319ECD0DB761217F84D2623549B609B8FE37D8CEE62CA3FFF7D628C7E8D82CB0DD61648BC1232E044028B172348F39ADBFCE638CFB9CE77CEF39EFBFCE7 400FBAD0874EF4A21BFDE8484FBAD297CEF4A63BFDE9508FBAD4A74EF5AA5BFDEA58CFBAD6B7CEF5AE7BFDEB600FBBD8C74EF6B29BFDEC684FBBDAD7CEF6B6BB FDED708FBBDCE74EF7BADBFDEE78CFBBDEF7CEF7BEFBFDEF800FBCE0074FF8C21BFEF0884FBCE217CF78B40704003B Politics and Policy Politics Justice Department Files Lawsuit Challenging Idaho Abortion Law; DOJ says Idaho law conflicts with federal law covering hospitals that receive Medicare By Sadie Gurman and Laura Kusisto 1,083 words 2 August 2022 21:57 GMT The Wall Street Journal Online WSJO English Copyright 2022 Dow Jones & Company, Inc. All Rights Reserved. The Justice Department on Tuesday filed a lawsuit challenging Idaho's near total ban on abortion , setting up the Biden administration's first legal battle over abortion access since the Supreme Court in June overturned Roe v. Wade and \* HYPERLINK ""https://www.wsj.com/articles/supreme-court-overturns-roe-v-wade-eliminates-constitutional-right-to-abortion-11656080124"" eliminated the constitutional right to end a pregnancy . The lawsuit says Idaho's abortion restrictions unlawfully conflict with a federal law that requires hospitals accepting Medicare to provide emergency treatments, which can sometimes include abortion . ""If a patient comes into the emergency room with a medical emergency jeopardizing the patient's life or health, hospitals must provide the treatment necessary to stabilize that patient,"" \* HYPERLINK ""https://storage.courtlistener.com/recap/gov.uscourts.idd.50547/gov.uscourts.idd.50547.1.0_1.pdf"" Attorney General Merrick Garland said . ""This includes abortion when that is the necessary treatment."" Idaho has a ban set to take effect later this month. The",,,,,,,,,,,,
69,WSJ,post_dobbs,2022-11-06,Midterm Elections 2022: A Guide to the Issues and Races to Watch; This special edition of the Capital Journal newsletter explains what you need to know as Election Day approaches,Politics,1395,0,election_campaign,0,0,0,0,0,0,0,0,0,2,0,0,1,0,"party gained more than 40 seats and took control of the House. Also, Democrats have been hopeful that \* HYPERLINK ""https://www.wsj.com/articles/abortion-pushes-some-suburban-women-in-west-michigan-toward-democrats-11666085403"" abortion would motivate this group in the midterms, following the Supreme Court decision \* HYPERLINK ""https://www.wsj.com/articles/what-does-overturning-roe-v-wade-mean-explained-11656081705"" overturning Roe v. Wade in June, which ended the constitutional right to abortion and returned the issue to the states. WSJ: What have these voters said about their political leanings over the course of the campaign? Catherine Lucey: The \* HYPERLINK ""https://s.wsj.net/public/resources/documents/WSJ_Poll_Redacted_Oct_2022.pdf"" latest Wall Street Journal poll shows a clear shift with this group since our last poll in August. The new survey found that they \* HYPERLINK ""https://www.wsj.com/articles/gop-prospects-rise-amid-economic-pessimism-wsj-poll-finds-11667295002"" favor Republicans in congressional races by 15 percentage points. In the Journal's August poll, white suburban women favored Democrats by 12 points. And that seems to be because these women are turning their attention to inflation and the economy over abortion , and they think Republicans do a better job on those issues. These voters' views of the economy had grown substantially more pessimistic from August to October, with 54% of them saying they think the U.S. is already in a recession and 74% saying the economy is headed in the wrong direction in",,,,,,,,,,,,
70,WSJ,post_dobbs,2023-04-14,"Supreme Court Lets Abortion Pill Remain on Market, for Now; Justice Department had asked high court to preserve access to widely used abortion pill",News,1234,0,supreme_court_ruling,1,0,0,0,1,0,0,0,0,4,0,0,1,0,"C716139DE92405AA5F35C184C48C30A07DA7FC1F0CDD833B220D6927ACE9640181781F03D8278F0F4425DCD616C64BC12E565C581368943117F44CA28583B495 360B2A45B908C4A6DE7B0BDF4A860633E57136F3AC5BF0A2B3A6CC7DD05186E29141E533B0372D315DF011964FDDF4A4FAC5722CDE21CA29C5D5A6457DA742B0 EAE68C383329DD580B45B27AD3E4789446118AABA95FCCC93C1F5846479571AD24195742730880B1D826572715C31EF3644C0660B19D1ECBC8772C8445EB20C9 8E7E8C19694EE827DD7C0D3D2FB257DEA0815A34B8734AAFE5A463B0C84FD7FFF831A6FC625E5CA9B60F34B2B56199CB556C40D219318A8B0B35156283A0E52D 05B533A52E6A556CD5F6985A39082F3DF15FFF5498A8BC28437F9CF40B700E76A56FD9C678CF6D59C7B2F4B56B31CD5626922C75596997D3FC0D49ABCB16CD68 34D2557905AB07BAE35C72C55BF8F1C6B5D232995B4612B9916E2450A25D495BBB3B4CF55189BFA8844E529868AC2F39074A0E9B94735CE7B5F241876202E2EE 7DB0D43D3B21C493D11A4B0F39D5BF306E74BE4EBDF0EEBCC223AFB86A43D422609FD0E019F9A204C22CC9CA107BB555F8D92EA164ABE9F36C04C6891627B377 29E38896273FB72C0559482ED81DBD06E29B226C9E77092358D4CCCC520566FF2C037B1B8A24199B7419314D614C968D34C2A0861534A03BB10F775813652765 8B61AE411FB96693AB9625094F839BD4CFD284919078713D81D9CC764CD3BEDDF8B84E3FB54C72CD979DDBE1EB961E53C6F836C330842C65B30CCB04A6191AAB B67C62A7DB21CE77DC941E2A2D312C523CE5593E393C34D42913BDCECA1177E3C51F9EE77DDB590C47685DA37219E93AD1190B74F216CB15F4B54009E2919F8A F953477D87185E73E6615C08C8AC8C8F32E97E0C4200394678AEC430A58DC1877C812DF415333AF47E0C1AFEDD6E9BD8123E288DD9D9C6F2BC31D6843668B8E6 184F0319ECD0DB761217F84D2623549B609B8FE37D8CEE62CA3FFF7D628C7E8D82CB0DD61648BC1232E044028B172348F39ADBFCE638CFB9CE77CEF39EFBFCE7 400FBAD0874EF4A21BFDE8484FBAD297CEF4A63BFDE9508FBAD4A74EF5AA5BFDEA58CFBAD6B7CEF5AE7BFDEB600FBBD8C74EF6B29BFDEC684FBBDAD7CEF6B6BB FDED708FBBDCE74EF7BADBFDEE78CFBBDEF7CEF7BEFBFDEF800FBCE0074FF8C21BFEF0884FBCE217CF78B40704003B U.S. News US Supreme Court Lets Abortion Pill Remain on Market, for Now; Justice Department had asked high court to preserve access to widely used abortion pill By Jess Bravin and Laura Kusisto 1,162 words 14 April 2023 22:36 GMT The Wall Street Journal Online WSJO English Copyright 2023 Dow Jones & Company, Inc. All Rights Reserved. WASHINGTON \'20\'14The Supreme Court temporarily blocked lower court orders that would have limited \* HYPERLINK ""https://www.wsj.com/articles/abortion-pill-access-case-texas-judge-11651775689"" access to the abortion drug mifepristone beginning Saturday, preserving the pill's availability while the justices weigh the Biden administration's emergency request to leave current Food and Drug Administration approvals in place during a continuing legal battle with antiabortion groups. In a pair of orders Friday, Justice Samuel Alito , who oversees emergency matters for the lower courts that limited or suspended approval of the widely used abortion pill, gave the antiabortion groups until noon Tuesday to file briefs in response to appeals by the FDA and Danco Laboratories LLC, which makes the branded version Mifeprex. The temporary orders expire at 11:59 p.m. Wednesday, suggesting a high court decision on whether and to what",,,,,,,,,,,,
71,WSJ,pre_dobbs,2022-05-03,"States Move to Restrict or Protect Abortion Rights After Leak of Draft Opinion Overturning Roe v. Wade; California and New York could protect abortion rights in their constitutions, while South Dakota and Alabama aim to outlaw procedure",News,1196,1,state_legislation,1,1,1,0,1,0,0,0,0,8,3,0,0,0,"8E7E8C19694EE827DD7C0D3D2FB257DEA0815A34B8734AAFE5A463B0C84FD7FFF831A6FC625E5CA9B60F34B2B56199CB556C40D219318A8B0B35156283A0E52D 05B533A52E6A556CD5F6985A39082F3DF15FFF5498A8BC28437F9CF40B700E76A56FD9C678CF6D59C7B2F4B56B31CD5626922C75596997D3FC0D49ABCB16CD68 34D2557905AB07BAE35C72C55BF8F1C6B5D232995B4612B9916E2450A25D495BBB3B4CF55189BFA8844E529868AC2F39074A0E9B94735CE7B5F241876202E2EE 7DB0D43D3B21C493D11A4B0F39D5BF306E74BE4EBDF0EEBCC223AFB86A43D422609FD0E019F9A204C22CC9CA107BB555F8D92EA164ABE9F36C04C6891627B377 29E38896273FB72C0559482ED81DBD06E29B226C9E77092358D4CCCC520566FF2C037B1B8A24199B7419314D614C968D34C2A0861534A03BB10F775813652765 8B61AE411FB96693AB9625094F839BD4CFD284919078713D81D9CC764CD3BEDDF8B84E3FB54C72CD979DDBE1EB961E53C6F836C330842C65B30CCB04A6191AAB B67C62A7DB21CE77DC941E2A2D312C523CE5593E393C34D42913BDCECA1177E3C51F9EE77DDB590C47685DA37219E93AD1190B74F216CB15F4B54009E2919F8A F953477D87185E73E6615C08C8AC8C8F32E97E0C4200394678AEC430A58DC1877C812DF415333AF47E0C1AFEDD6E9BD8123E288DD9D9C6F2BC31D6843668B8E6 184F0319ECD0DB761217F84D2623549B609B8FE37D8CEE62CA3FFF7D628C7E8D82CB0DD61648BC1232E044028B172348F39ADBFCE638CFB9CE77CEF39EFBFCE7 400FBAD0874EF4A21BFDE8484FBAD297CEF4A63BFDE9508FBAD4A74EF5AA5BFDEA58CFBAD6B7CEF5AE7BFDEB600FBBD8C74EF6B29BFDEC684FBBDAD7CEF6B6BB FDED708FBBDCE74EF7BADBFDEE78CFBBDEF7CEF7BEFBFDEF800FBCE0074FF8C21BFEF0884FBCE217CF78B40704003B U.S. News US States Move to Restrict or Protect Abortion Rights After Leak of Draft Opinion Overturning Roe v. Wade; California and New York could protect abortion rights in their constitutions, while South Dakota and Alabama aim to outlaw procedure By Jennifer Calfas, Laura Kusisto and Jimmy Vielkind 1,097 words 3 May 2022 22:34 GMT The Wall Street Journal Online WSJO English Copyright 2022 Dow Jones & Company, Inc. All Rights Reserved. State political leaders across the country proposed new laws and staked out positions as \* HYPERLINK ""https://www.wsj.com/articles/leaked-draft-of-supreme-court-opinion-indicates-roe-v-wade-may-be-overturned-11651554510"" a leak of a draft opinion indicated the Supreme Court \* HYPERLINK ""https://www.wsj.com/livecoverage/roe-v-wade-supreme-court-overturned"" could soon overturn Roe v. Wade , which would make the legality of abortions a state issue. South Dakota Gov. Kristi Noem , a Republican, tweeted Tuesday that she would immediately call for a special session \* HYPERLINK ""https://www.wsj.com/articles/what-a-supreme-court-ruling-on-roe-v-wade-would-mean-for-women-11651614994"" if Roe is overturned ""to save lives and guarantee that every unborn child has a right to life in South Dakota."" In Alabama, a legislative leader promised quick action ""to quickly end abortion within our borders."" Top Democratic lawmakers in New York and California, meanwhile, said they would",,,,,,,,,,,,
72,WSJ,pre_dobbs,2022-04-05,Oklahoma Legislature Passes Near-Total Ban on Abortion ; Abortion providers could face up to 10 years in prison if the bill is signed by Gov. Kevin Stitt,News,765,0,state_legislation,1,0,1,0,0,1,1,0,0,2,1,0,0,1,"8E7E8C19694EE827DD7C0D3D2FB257DEA0815A34B8734AAFE5A463B0C84FD7FFF831A6FC625E5CA9B60F34B2B56199CB556C40D219318A8B0B35156283A0E52D 05B533A52E6A556CD5F6985A39082F3DF15FFF5498A8BC28437F9CF40B700E76A56FD9C678CF6D59C7B2F4B56B31CD5626922C75596997D3FC0D49ABCB16CD68 34D2557905AB07BAE35C72C55BF8F1C6B5D232995B4612B9916E2450A25D495BBB3B4CF55189BFA8844E529868AC2F39074A0E9B94735CE7B5F241876202E2EE 7DB0D43D3B21C493D11A4B0F39D5BF306E74BE4EBDF0EEBCC223AFB86A43D422609FD0E019F9A204C22CC9CA107BB555F8D92EA164ABE9F36C04C6891627B377 29E38896273FB72C0559482ED81DBD06E29B226C9E77092358D4CCCC520566FF2C037B1B8A24199B7419314D614C968D34C2A0861534A03BB10F775813652765 8B61AE411FB96693AB9625094F839BD4CFD284919078713D81D9CC764CD3BEDDF8B84E3FB54C72CD979DDBE1EB961E53C6F836C330842C65B30CCB04A6191AAB B67C62A7DB21CE77DC941E2A2D312C523CE5593E393C34D42913BDCECA1177E3C51F9EE77DDB590C47685DA37219E93AD1190B74F216CB15F4B54009E2919F8A F953477D87185E73E6615C08C8AC8C8F32E97E0C4200394678AEC430A58DC1877C812DF415333AF47E0C1AFEDD6E9BD8123E288DD9D9C6F2BC31D6843668B8E6 184F0319ECD0DB761217F84D2623549B609B8FE37D8CEE62CA3FFF7D628C7E8D82CB0DD61648BC1232E044028B172348F39ADBFCE638CFB9CE77CEF39EFBFCE7 400FBAD0874EF4A21BFDE8484FBAD297CEF4A63BFDE9508FBAD4A74EF5AA5BFDEA58CFBAD6B7CEF5AE7BFDEB600FBBD8C74EF6B29BFDEC684FBBDAD7CEF6B6BB FDED708FBBDCE74EF7BADBFDEE78CFBBDEF7CEF7BEFBFDEF800FBCE0074FF8C21BFEF0884FBCE217CF78B40704003B U.S. News US Oklahoma Legislature Passes Near-Total Ban on Abortion ; Abortion providers could face up to 10 years in prison if the bill is signed by Gov. Kevin Stitt By Laura Kusisto and Jennifer Calfas 681 words 5 April 2022 22:55 GMT The Wall Street Journal Online WSJO English Copyright 2022 Dow Jones & Company, Inc. All Rights Reserved. Oklahoma's Legislature on Tuesday passed a near-total ban on abortion , one of the most sweeping bans passed this year as Republican-led states test the \* HYPERLINK ""https://www.wsj.com/articles/as-supreme-court-weighs-abortion-rights-more-states-look-at-15-week-bans-11645641664"" constitutional limits of abortion rights . The Oklahoma bill bans abortion from the beginning of pregnancy except if the life of the mother is in danger. There is no exception for rape or incest. Under the law, an abortion provider could face up to 10 years in prison. Mothers wouldn't face criminal penalties. The bill passed the Oklahoma House of Representatives on Tuesday and already passed the state's Senate last session. It now heads to the desk of Republican Gov. Kevin Stitt . If the governor signs the bill, it is expected to take effect sometime this year unless it is",,,,,,,,,,,,
73,WSJ,pre_dobbs,2022-05-10,Senate Passes Bill to Protect Supreme Court Justices' Families; Move follows protests in wake of leaked abortion -ruling draft,Politics,477,0,supreme_court_ruling,0,0,1,0,0,0,0,0,0,0,0,0,0,0,"Politics and Policy Politics Senate Passes Bill to Protect Supreme Court Justices' Families; Move follows protests in wake of leaked abortion -ruling draft By Siobhan Hughes 383 words 10 May 2022 01:14 GMT The Wall Street Journal Online WSJO English Copyright 2022 Dow Jones & Company, Inc. All Rights Reserved. WASHINGTON \'20\'14The Senate swiftly passed a bill to expand police protections for Supreme Court justices to include their immediate family members, in the wake of protests following a leaked draft ruling that indicated \* HYPERLINK ""https://www.wsj.com/articles/roe-wade-abortion-supreme-court-explainer-11651601806"" the court could overturn Roe v. Wade . The measure passed late Monday by unanimous consent. The broad support in the Senate suggests a clear pathway to passage in the House, but no immediate plan was set. \* HYPERLINK ""https://www.wsj.com/articles/leaked-draft-of-supreme-court-opinion-indicates-roe-v-wade-may-be-overturned-11651554510"" A leaked draft opinion published last week by Politico suggested that the conservative wing of the court was preparing to undo the 1973 Roe decision, which established abortion as a constitutional right, in \* HYPERLINK ""https://www.wsj.com/articles/supreme-court-hears-arguments-in-landmark-mississippi-abortion-case-11638354602"" a Mississippi abortion case the justices are currently considering. Chief Justice John Roberts confirmed the draft was authentic but cautioned it wasn't final. The Supreme Court is currently surrounded by security fencing to guard against potential threats. Over",,,,,,,,,,,,
74,WSJ,pre_dobbs,2021-09-04,"Lyft , Uber to Cover Legal Costs of Drivers Sued Under Texas Abortion Law; Law creates new structure that allows citizens to bring a civil lawsuit against abortion providers and those who assist along the way",,728,0,state_legislation,0,0,0,0,0,1,1,0,0,0,0,0,0,0,"8B61AE411FB96693AB9625094F839BD4CFD284919078713D81D9CC764CD3BEDDF8B84E3FB54C72CD979DDBE1EB961E53C6F836C330842C65B30CCB04A6191AAB B67C62A7DB21CE77DC941E2A2D312C523CE5593E393C34D42913BDCECA1177E3C51F9EE77DDB590C47685DA37219E93AD1190B74F216CB15F4B54009E2919F8A F953477D87185E73E6615C08C8AC8C8F32E97E0C4200394678AEC430A58DC1877C812DF415333AF47E0C1AFEDD6E9BD8123E288DD9D9C6F2BC31D6843668B8E6 184F0319ECD0DB761217F84D2623549B609B8FE37D8CEE62CA3FFF7D628C7E8D82CB0DD61648BC1232E044028B172348F39ADBFCE638CFB9CE77CEF39EFBFCE7 400FBAD0874EF4A21BFDE8484FBAD297CEF4A63BFDE9508FBAD4A74EF5AA5BFDEA58CFBAD6B7CEF5AE7BFDEB600FBBD8C74EF6B29BFDEC684FBBDAD7CEF6B6BB FDED708FBBDCE74EF7BADBFDEE78CFBBDEF7CEF7BEFBFDEF800FBCE0074FF8C21BFEF0884FBCE217CF78B40704003B Business Business Lyft , Uber to Cover Legal Costs of Drivers Sued Under Texas Abortion Law; Law creates new structure that allows citizens to bring a civil lawsuit against abortion providers and those who assist along the way By Preetika Rana 646 words 4 September 2021 01:23 GMT The Wall Street Journal Online WSJO English Copyright 2021 Dow Jones & Company, Inc. All Rights Reserved. Lyft Inc . and Uber Technologies Inc . said they would cover the legal costs of drivers in Texas who might be sued for ferrying women to abortion clinics. Lyft 's Chief Executive Officer Logan Green tweeted the decision on Friday, saying the \* HYPERLINK ""https://www.wsj.com/articles/texas-abortion-law-what-to-know-as-supreme-court-allows-it-to-take-effect-11630606238"" Texas law that bars abortion after about six weeks of pregnancy ""threatens to punish drivers for getting people where they need to go \'20\'14especially women exercising their right to choose."" Uber CEO Dara Khosrowshahi chimed in an hour later, tweeting: ""Team Uber is in too and will cover legal fees in the same way. Thanks for the push,"" he wrote, referring to Lyft 's Mr. Green. The law, which took effect this week after the \* HYPERLINK ""https://www.wsj.com/articles/supreme-court-rejects-emergency-request-to-block-texas-six-week-abortion-ban-11630556283"" Supreme Court declined an emergency",,,,,,,,,,,,
75,WSJ,pre_dobbs,2022-05-13,Louisiana House Stops Abortion Bill That Allowed Murder Charges Against Women; Closely watched measure proposed the harshest abortion ban in the U.S.,News,534,0,state_legislation,1,0,0,0,1,0,0,0,0,1,2,0,2,0,"C716139DE92405AA5F35C184C48C30A07DA7FC1F0CDD833B220D6927ACE9640181781F03D8278F0F4425DCD616C64BC12E565C581368943117F44CA28583B495 360B2A45B908C4A6DE7B0BDF4A860633E57136F3AC5BF0A2B3A6CC7DD05186E29141E533B0372D315DF011964FDDF4A4FAC5722CDE21CA29C5D5A6457DA742B0 EAE68C383329DD580B45B27AD3E4789446118AABA95FCCC93C1F5846479571AD24195742730880B1D826572715C31EF3644C0660B19D1ECBC8772C8445EB20C9 8E7E8C19694EE827DD7C0D3D2FB257DEA0815A34B8734AAFE5A463B0C84FD7FFF831A6FC625E5CA9B60F34B2B56199CB556C40D219318A8B0B35156283A0E52D 05B533A52E6A556CD5F6985A39082F3DF15FFF5498A8BC28437F9CF40B700E76A56FD9C678CF6D59C7B2F4B56B31CD5626922C75596997D3FC0D49ABCB16CD68 34D2557905AB07BAE35C72C55BF8F1C6B5D232995B4612B9916E2450A25D495BBB3B4CF55189BFA8844E529868AC2F39074A0E9B94735CE7B5F241876202E2EE 7DB0D43D3B21C493D11A4B0F39D5BF306E74BE4EBDF0EEBCC223AFB86A43D422609FD0E019F9A204C22CC9CA107BB555F8D92EA164ABE9F36C04C6891627B377 29E38896273FB72C0559482ED81DBD06E29B226C9E77092358D4CCCC520566FF2C037B1B8A24199B7419314D614C968D34C2A0861534A03BB10F775813652765 8B61AE411FB96693AB9625094F839BD4CFD284919078713D81D9CC764CD3BEDDF8B84E3FB54C72CD979DDBE1EB961E53C6F836C330842C65B30CCB04A6191AAB B67C62A7DB21CE77DC941E2A2D312C523CE5593E393C34D42913BDCECA1177E3C51F9EE77DDB590C47685DA37219E93AD1190B74F216CB15F4B54009E2919F8A F953477D87185E73E6615C08C8AC8C8F32E97E0C4200394678AEC430A58DC1877C812DF415333AF47E0C1AFEDD6E9BD8123E288DD9D9C6F2BC31D6843668B8E6 184F0319ECD0DB761217F84D2623549B609B8FE37D8CEE62CA3FFF7D628C7E8D82CB0DD61648BC1232E044028B172348F39ADBFCE638CFB9CE77CEF39EFBFCE7 400FBAD0874EF4A21BFDE8484FBAD297CEF4A63BFDE9508FBAD4A74EF5AA5BFDEA58CFBAD6B7CEF5AE7BFDEB600FBBD8C74EF6B29BFDEC684FBBDAD7CEF6B6BB FDED708FBBDCE74EF7BADBFDEE78CFBBDEF7CEF7BEFBFDEF800FBCE0074FF8C21BFEF0884FBCE217CF78B40704003B U.S. News US Louisiana House Stops Abortion Bill That Allowed Murder Charges Against Women; Closely watched measure proposed the harshest abortion ban in the U.S. By Laura Kusisto 449 words 13 May 2022 02:13 GMT The Wall Street Journal Online WSJO English Copyright 2022 Dow Jones & Company, Inc. All Rights Reserved. Louisiana's Republican-led House of Representatives stopped a measure Thursday that could have allowed women who obtain abortions to be charged with murder. The proposal, which was passed out of a state House committee last week, sought to recognize a fertilized embryo as a person and made it possible for both doctors and pregnant women to be charged under the state's homicide statute if they performed or received an abortion . The bill, which proposed the harshest abortion ban in the U.S., caused friction within Louisiana's Republican caucus. A majority of GOP lawmakers voted for a package of amendments to the legislation that removed the provisions allowing murder charges. They said the state already had strong laws to prevent abortions. Republican and Democratic politicians around the country have pushed for new laws either restricting or",,,,,,,,,,,,
76,WSJ,pre_dobbs,2022-06-15,"U.S. Abortion Rate Ends Decadeslong Decline; Rate and number of abortions performed increased between 2017 and 2020, new data show",News,2046,0,supreme_court_ruling,0,0,0,0,1,0,0,4,1,1,0,0,1,0,"5482018E9D9225374E7A6996EE915423FF83A33BF62A891989C90803A91AC838A78E2333D052FEF2A45F4DB25F45CB44858A87300060AC8928EC6625F938172B ECA38D7819882EEB41B625F5AA66C78B0DA9F8C4BBCFB9C936FBF01B98AE89FF95B304062B1AD112A05C199B1A7E2F502D6C4DB2E674CC59FAE254F2F1929BDE C716139DE92405AA5F35C184C48C30A07DA7FC1F0CDD833B220D6927ACE9640181781F03D8278F0F4425DCD616C64BC12E565C581368943117F44CA28583B495 360B2A45B908C4A6DE7B0BDF4A860633E57136F3AC5BF0A2B3A6CC7DD05186E29141E533B0372D315DF011964FDDF4A4FAC5722CDE21CA29C5D5A6457DA742B0 EAE68C383329DD580B45B27AD3E4789446118AABA95FCCC93C1F5846479571AD24195742730880B1D826572715C31EF3644C0660B19D1ECBC8772C8445EB20C9 8E7E8C19694EE827DD7C0D3D2FB257DEA0815A34B8734AAFE5A463B0C84FD7FFF831A6FC625E5CA9B60F34B2B56199CB556C40D219318A8B0B35156283A0E52D 05B533A52E6A556CD5F6985A39082F3DF15FFF5498A8BC28437F9CF40B700E76A56FD9C678CF6D59C7B2F4B56B31CD5626922C75596997D3FC0D49ABCB16CD68 34D2557905AB07BAE35C72C55BF8F1C6B5D232995B4612B9916E2450A25D495BBB3B4CF55189BFA8844E529868AC2F39074A0E9B94735CE7B5F241876202E2EE 7DB0D43D3B21C493D11A4B0F39D5BF306E74BE4EBDF0EEBCC223AFB86A43D422609FD0E019F9A204C22CC9CA107BB555F8D92EA164ABE9F36C04C6891627B377 29E38896273FB72C0559482ED81DBD06E29B226C9E77092358D4CCCC520566FF2C037B1B8A24199B7419314D614C968D34C2A0861534A03BB10F775813652765 8B61AE411FB96693AB9625094F839BD4CFD284919078713D81D9CC764CD3BEDDF8B84E3FB54C72CD979DDBE1EB961E53C6F836C330842C65B30CCB04A6191AAB B67C62A7DB21CE77DC941E2A2D312C523CE5593E393C34D42913BDCECA1177E3C51F9EE77DDB590C47685DA37219E93AD1190B74F216CB15F4B54009E2919F8A F953477D87185E73E6615C08C8AC8C8F32E97E0C4200394678AEC430A58DC1877C812DF415333AF47E0C1AFEDD6E9BD8123E288DD9D9C6F2BC31D6843668B8E6 184F0319ECD0DB761217F84D2623549B609B8FE37D8CEE62CA3FFF7D628C7E8D82CB0DD61648BC1232E044028B172348F39ADBFCE638CFB9CE77CEF39EFBFCE7 400FBAD0874EF4A21BFDE8484FBAD297CEF4A63BFDE9508FBAD4A74EF5AA5BFDEA58CFBAD6B7CEF5AE7BFDEB600FBBD8C74EF6B29BFDEC684FBBDAD7CEF6B6BB FDED708FBBDCE74EF7BADBFDEE78CFBBDEF7CEF7BEFBFDEF800FBCE0074FF8C21BFEF0884FBCE217CF78B40704003B U.S. News US U.S. Abortion Rate Ends Decadeslong Decline; Rate and number of abortions performed increased between 2017 and 2020, new data show By Jennifer Calfas 577 words 15 June 2022 The Wall Street Journal Online WSJO English Copyright 2022 Dow Jones & Company, Inc. All Rights Reserved. \* FF D8FFE000104A46494600010100000100010000FFDB004300080606070605080707070909080A0C140D0C0B0B0C1912130F141D1A1F1E1D1A1C1C20242E272022 2C231C1C2837292C30313434341F27393D38323C2E333432FFDB0043010909090C0B0C180D0D1832211C21323232323232323232323232323232323232323232 3232323232323232323232323232323232323232323232323232323232FFC000110801AA028003012200021101031101FFC4001F000001050101010101010000 0000000000000102030405060708090A0BFFC400B5100002010303020403050504040000017D01020300041105122131410613516107227114328191A1082342 B1C11552D1F02433627282090A161718191A25262728292A3435363738393A434445464748494A535455565758595A636465666768696A737475767778797A83 8485868788898A92939495969798999AA2A3A4A5A6A7A8A9AAB2B3B4B5B6B7B8B9BAC2C3C4C5C6C7C8C9CAD2D3D4D5D6D7D8D9DAE1E2E3E4E5E6E7E8E9EAF1F2 F3F4F5F6F7F8F9FAFFC4001F0100030101010101010101010000000000000102030405060708090A0BFFC400B511000201020404030407050404000102770001 02031104052131061241510761711322328108144291A1B1C109233352F0156272D10A162434E125F11718191A262728292A35363738393A434445464748494A 535455565758595A636465666768696A737475767778797A82838485868788898A92939495969798999AA2A3A4A5A6A7A8A9AAB2B3B4B5B6B7B8B9BAC2C3C4C5 C6C7C8C9CAD2D3D4D5D6D7D8D9DAE2E3E4E5E6E7E8E9EAF2F3F4F5F6F7F8F9FAFFDA000C03010002110311003F00F355A956A25A901EF583351E543A906885CE 0A37DE5A01A6C8082241D475A432C834E06A2470CA08EF4E1401266941A68A5CF1480901A5A6034E1400FC53A9829C0D031C05385345381A0070A70A60A78A00 5A51482945004377FEA855A50368FA554BCFF563EB56D7EE8FA50029553D541FC293C98FFB8A3E8314E14EA02E3044BD8B7FDF4697CBFF006DBF3A78A5145806 EC6ECE7F1146D907461F9548052E0D1615C8C7983B21FD28DCFDE3FC8D498A4A0637CC23AA37E5479ABDC11F514FA31400DF313FBC29C1D7B30FCE8C0A36A9EA 07E5400A0D57958CD20854F03EF1F6A74E5228CB6D19E828861DA996CEF6E4F3401380140000000E0514CDA47476FE7461FF00BE0FD450048297F1A8C6FF0045 34BB98754FC8D003E8A607C7F037E54BE628EA48FA8A007D14D0EBD9853B23DA800A5A4A28001D2969297340054524854ED41B9FD3D290C8653B623C777F4FA5 4891AC6303F127BD003638B69DCC7739EA4D4868CD1400B452514005145148028A4CD14C028A29280168CD27E3C533CC24E106EF7ED4012160A324E0547E633F FAB1C7F78D023C9CB9DC7F414FA006AC601C9F99BD4D3A83450310E4D21A526928002335198D0F600FB714FA4A403367A3B0FC69089074607EA29F48680232EE 3AA67E869BE68EE08FA8A90D359801C9A004F314F461F9D058019CD467E6FE103DC8A61857D5B3EB9A603CBE7EE8CFF2A690C7EF37E0298438E92FFDF4334D2F 28EAAADF438A02C4A303A0029A5AA13311D5187E19A699D09FBD8FAF148098B530B530B83D0E69A5E9818EA45480D42314F079EB4C826069DC1A841F7A702477 FD290C443E4CDB49F95BA55907355A45674C719EC696190B2E08E47079A6059CD381A8837B5287F634864C0D381A843FF9C53C38F5A044A0D381CD441C7A8A70 6E7A8340C941A78351034E068024CD381A8C1A7034012034A2980E29C0D004379FEAD7EB56C1E2A9DD9F953FDEAB60D00480D2E6A3069D9A043EA48127B9BB86 D2D6169AE666DA883D6A207DEA7B3BA96CAF61BBB77293C2C191C7635484CEEEC3E16EA52C6AF7FA9436EC7AC70C7BC8FC4D687FC2A98F1C6B32E7DE15A8F4DF 8A8022A6A5A792C3AC96EDD7FE026B5BFE166E858CF97763DBCAFF00EBD6BEE91A9CD6A3F0CF55B68CBD9DC4378073B31B1CFD3B1AE224468E478DD5924462AC AC30548EC6BD32FF00E29C02365D3B4F91A4ECF704051F80E4D79B5DDCC979793DDCEDBA69DCC8ED8C649A9958A8B7D48A8A6E697359142D04E06692A0B872C4 4287E66EBEC2801233E7CE643F71385F7356AA34558D02AF0074A766801D45251400E1466928A063862969B9A5CD000403D40A4F2D3FBA29D9A2801BB076247E 34BB4FF7CFE34B4D79046B93F80F5A000965524B8C0F51511324E07184F4CE334AA8D21DF2F03B27F8D4E28023562A31E51007A1A5F347F7587D453E8CD0033C D4FEF0FC78A7020F420FD0D1C534C687AAAFE5400FA298635ED91F4346C23A3B5201F45330FD9C7E228FDE0EA14FD0E2980FA299BC8EA847EB486651C1CE7D31 4012530BE0E00DCDE829BBC3FDE7DA3D075A91428185C63DA818CF2CB7DF3C7A0E94FC606074A5E94940828A43C526680173499A4A28186734514500276A4341 3819CF1519909FBA09A0079A8DA4038EA7D0521C9FBCDF80A4240181C0A000963D4ED1E829B800E475F5A42D4C2F400F26985A985EA32F4012335465E98D27A5 4464E3A8A0094BF5A8D981EA2A94DA95BC39CBEE3E8BCD674DABCD26444A231EA79345846C4862452CDB547AE7159F3EA91460885DE46FD2B29DA494EE91D9CF B9A028C53B05CD2069C0D545BB80FF00CB41520B888F4917F3A2C22CE69DBAABAC8A7F8D7F3A9030F5A404DBAA37FDDC8241D3B8A01A7672306819306C807D69 C0D5489FCB73193C755A9C35004C1A9C0D421B8A706A00981A70C1EC3F2A87753837BD004A02FA53801EA7F3A8C35286F7A00947FBC69E09FEF7E95106A76EA0 09413EBFA53813EA2A1DD4E06801974490838EB56B7B0FE1FD6A95C9E62FF7AADEEA007890E7EE9FD297CCFF0065BF2A8C1A706A007F9ABEB8FA8A779A9FDE15 1E697345C0984A3B30A7893DEABF1E8297E5F414EE2B1637FBD26EA870BE94B818E3F9D170B136EA3350E3D09FCE979FEF1A403DE411A166E82A3B753832B7DF 7FD05424F9F3633F2275F7356016F51F950325CD19A8B2D9FE1A5DCC3F847E74012E6941A8839EEA6977FB1FCA8024CF14B51EF1EB4075F5A009297351871D88 A766801F9A334CCD46F292DB23E5BB9EC2801EF2EDF940CB1E82848CE77B9CBFF2A444083D58F527BD3F3400FCD19A6E68CD003B3475A6E68CD003E8A6D2F6A0 05CD14521200C9381400B485828CB1C0A66F2FF7071FDE3D29C100393F337A9A004F9DFA6517D7BD395157A0FA9F5A70A7C71B4B22C68A59D8E15546493EC280 1981E829BE521EAA2BA7B5F04EBD74A1974F68C1EF2B04FE7CD5B6F877AF042C23B627FBA27E7F955F2327991C67940742C3E8D46C61D1CFE22ADDF5A5C69D7B 259DDC2D14F1FDE46FF11557350D58A5A8DC3E7AA9FD2932E3F833F434ECD26681885F1D5587E14DF3133F7BF3A52E074E4FA0A6924F5200F4A007191075614D 2CCDD063EB4C213D054676E38C8FC681121500E49DC7D4D216A819B1D18D46D237F787E34AE3B13B3D30BD57331F6FC0D46D38EE0D302C33D46D255396FA18CE 1E40A7DEA84DACA0E2242E7D4F02811AE65AAD3DEC300CC9228F6EF5852DF5D4FC17D83D178AAFB06727934EC3B9A736B24F10C7F8B7F8550967B8B83FBC9091 FDD1C0A68029D8A2C223098A76DA7628C5002628C53B14B8145C0CC0A2976D2814B8AD08136D28047723F1A7628A40019C74771FF02A789A61D267FCE9B46290 C7F9F3120995891D2A517B723FE5A0FCAA0029C281A2C0D42E7D57F2A78D4AE07F0A1FC2AA0A5C52D00BA3559BBC6BF9D3C6ACFDE11F81AA146296833486AFEB 09FCEA41AC27789EB2F14B8146806B2EAF0F7571F8548356B63DDC7D56B1B14B8A5A01B6355B5C73211F8548BA95A9FF0096C0560628DB401B935F5BB3C5B655 2377356D6F203D264FCEB99C7B51B6819D52DC467A4887FE0429E2407A107F1AE4F60F4A02E3A13408EBC35287AE481907491C7D18D3D67B95E9712FFDF46819 D607A5DF5CA8BCBC1D2E1FF1C548350BD1FF002DB3F502811D3EEA5DD5CC8D52F07F1A1FAAD3C6AF77DC467F0A00E9375453CC40089F7DF8158635AB8CF31467 F1348BABC8B2B48F0AB13C0F9B181401D044046814549BAB086B9FDEB76FC1A9E35C8BBC328FA60D006DEFA50D58C35BB63D44A3EA9520D66CCF5908FAA9A00D 6DD46EACC1AAD99FF96EB522EA36C4713A7FDF5401A1BA8DD54C5DC2DD254FFBEA9E2743D1D7F3A00B3907B0FCA8F97AE07F2AAC67455C9618A405A5E5F213B2 FAFD68025DED29C464AA776CF5FA54A89B0615881518718E3814A1FDE9012E5BFBFF00A5196F51F95441E977FBD004BB9C7F74D1BDBFBBFAD47BE977D30240E7 BA9A5F307A1FCAA2DE29DBE801FE62FAD3BCC53D185426651C0CB37A0A305BFD6118FEE8A0090CB9384F98FE8297664E5CEE3E9DA9BF28E805191FE4D004D9E6 8CD439F734BB8FAD004BBAB4F41D666D075417F6F1C723EC2856419183E9E86B1B79F514BBC8F4A698347A58F8A32EDE74C8F77FD743FE1542F3E266A92A15B6 820B7CFF00160B11F9D707E69EE0D34CA3DEAB9D93C88B7777735EDCC973732B4B34872CEE7935016039CD41E6E4FA7D6937AF5DD9A9B956B1297C9E052139EA 7F0A8F78EC69864C77A404A58014C6907AD5779B1DEA07B8F7A405A698542D30F5AA525C81D4E3F1AA13EAB0C7901B71F45E69D866B34C2A092E55012CC00F52 6B065D5279388D420F53C9AAAC5E56CC8C58FBD1CA26CD99B57894109973EDD2A84BA8DCCBF7488D7DBAD5655A7814ED601BB4B1CB12C4F726976E29E16940A0 06014EDB4EC52E052019B69714A4814C6955472C29D8571E0518AAC6F620C17777C702AD0C1E474A1AB026252E29C452628199829D4D14EAB21052D14B8A0682 8A05380A4014A0514B486140A05380A0000A5C514B400014A050053B152300297146296801314B8A50297140098A314E029C0500300A5DB4EC5380A0066DA5DB 4FDB4BB680B91E28C54BB7149B68023C52E29FB79A5DB4808F18A4C549B68C500331ED498A9314628023DB4629F8A5C50323DA3D29360F4152629714011796BE 946C152EDA4C517018011FC47F3A709261D2671FF02A5C518A2E0385DDD2FDDB893F3A906A37C3FE5B93F500D43B68DB4058B2356BD03931B7D569E35ABA1F7A 28CFD09154F6D26DA2E23406BB20EB6E3F06A906BCA3AC0E3E86B2CA526CA770B1B035D83BA483F0A55D6EDDFEF3BC63D36F26B176526C140CE85357B21F7665 1F50454CBA9DB374B88CFF00C08572C6314D3102391408EC16F236E8EA7E869E2E01AE2BC95F4A50197EEBB8FA31A3403B5F3C0EF4A265F5AE2C4D70BD27947F C08D385EDE2FFCBC37E2053B01D979C3D69A6E17B73F4AE47FB46F01E6407D88A70D5EE87F0A11F4A2C0759E6E7A9C0F6A4F340AE5C6B738EB129FC69C35D23E F42DF81A2C2B9D299A986651D6B9EFEDD4EE920A54D592662A9BF70E7A5160B9B6D38AAEF7200E0D615C6ACEB234691904776354649E69CFCF21C7A0E05160B9 B971AA451E479849F45E6B3E4D4E673F200A3DF9AA2A829E05160B8AEF24A732396FC69020C74A7814B8A0040B4E02940A5C5000169D8A634A883E6603EA6ABB 5F216DB12B48DE8A29F2B62BA2E534BA8A863B7D4AE4FCB12C2BEB21C5594D110B0FB5DE339EEABF28FCCFF853E55D45CDD8ACF791275719F6E692DDEEAFE5F2 AC6D27B990FF000C4858FE95B31C1A569F1F9896914CC08199017C7BE0F15D45AC575772456714CC1642156256114793EA0607E7569444DB3924F0BEAEC7FD36 5B5D3F3FC134A0C9FF007C2E5BF302AC2785B4F8C6EB9BCBAB93FDD8D046A7F1393FA57A44BE0DD1F4AB612EB5E26B5B5503735BD961DCFB7D6B92BCD434DBEB B9534AB79A1B68404533BEE77FF68F61F4AA7A2216ACE4BC53A6DA6977F6F159C652378D24C336E393EF4463E41F4A9FC68DBB50B23FF4EE83F5A861FF00562A 265C07514B8A2B22CC9A5028A5AD090A5A2940A430C53A8A5A430A5A0528A00053A9053A800146296940E2A460A29D40A5140062940A502971400014B8A5C528 19A004C5281C5380A5028108169C169C05380A60336D2EDE29E053B6D0045B68DB52E2931401185A0AD49B68DB4808F1498A931498A06331498A931498A40371 494FDB462818C228C53B1462801B8A314EC51B6900CC52814EC5005301B8A314FC518A043714629F8A5C50047B68DBCD4B8A36F34C08B6D1B6A6DB46CA02E57D 949B2AC15F6A42B408AE529856AC95A694A06572B4DDB539514C2B8A00808A695A9CAD308A604045308A988A630A622122A7B13B2EB3C0E3B8C8A88D46C3B552 1125D60DDB9183C0C914D514C55C548286098E029E05201CD3C0E6A4005380A090A324803DEABC97D1A7DD52D4580B58AA8EB35C5FA5B4726C0CB9E054D6D38B 842DB71838A480E35EB6F718AA8AD44DE85B4D0EDA08DA6B8669028C9DE7FA0FF1AB7A63C13BB2A5BB4718195380A1BF0152DCA992D65418C107A9A83499E225 943AEEC7033CE29896D734A501163DA02839E9C573B31905F4A00FE3E4D74570DC47F43585A8C6F14ACCBCAC873F8D4B358AD0B30C68A64469376FFBA05754AD B42F3D00AE46D554B444E4107819CD75133BA445D2369081C2AF534E2C89A3375B7DAA5F705CAF5EE6A8E8F796FE4C8AF22A4A5F2771C66A3B88AE679CCB7F71 6F6E8411B1A40481F4151DBE896372C585DC8EA3A854DBFCEAAE4AD88BC5ADBAE6C981C8F2BAFF00C0A961E625A83C4D1AC46C5133B1232A33D786AB16FF00EA 56948223F14629D498E2B3B9663D2D20A75592029D480734A290C514B4829C290C053B1482973400A29D4CDC3D69C187AD1601C2969A187AD38107BD2B00E029 D8A414EE05218A052814808A514087014A28ED4E1400014E028029C29D84005380A5029D8A0040B4EC52814EC60530198A08C53F1C52119A00663BD18A7E2931 523198A4C1A9314D22818C229315262931400CC518A7628C5201B8A29C05262818DC518A7628A043714B8A5C518A06262971CD2E29681098A5DB4B8A7014C040 294AFB53F14AAA0C918619058023D69888F14BB6B51AD2DCFF00CB103E8CDFE349F6287FBAC3FE04697320B197B6936F15A9F6188F42C3F1A6FD813B33517423 30AD34AD691D3D7B39FCA986C3D24E3E945D0CCC22A32B5A6D607FE7A0FCAA16B071FC629DD019E579A630ABAD652FAAD412DB3A0F99907E345C454229A45581 04AE7E550DF43521B35523CD941F641BBFFAD4C0CE61CD46D56EE21DAEDB32573C67AE2AAB02A3278154843454816AB34E8BD3E63ED51BDC48E300ED1ED4EC22 EB4A91FDE6E7D2A26BB63F7171EE6AA2826A555A2C5A40CCCE72C493514838356421A8E68C84638A68A6B427D34FEEE41EF52A1C6B7687DEA1D34F120FA53A67 F2F52B47F461FCE8FB462F62CEAF773CB74D650A332A91B828C927D2A15D2351BA7574B53081D37B6315A5A8CD72B95173E4E739D836E69FA15DCB736D2C7248 64F2D86189E70686EDB0245CB99E0B686DC5D4DF3EDE88339F5ACDBCD56C7CBC0B5925F4DEDB47E946BA77496A47036B0FD6B1E68CC96CCE013B5B27E954A29A BB139B4EC6AC9A9CF0C11C96D1C10AB9C7CAB923F135ABACDCBA69939DED9640073DCE2B98DA04280312BB41C1EC4D6FDFDE58B87B49A60ADE582723A103F9D2 B2B6817D6CCE76DA4447198F27B9EF5BFA3DC99D9F28428E3358304BB9C3285E39E6B5EC355B7897C9C1323364ED1C0FC6A3A9AF420F139CFD98FA171FA8A9ED B9816AA7885F7A407A7CEDFD2ADDAF36EA7DA9CB6223B92E28A762931599662D28A4A5AA10E0294520A5A005A5148294F148635E454193C55392ED9B85E05473 CA647F614FB7B632F2785ADE3051579193936EC888C8E7AB1A373FA9AD44B78D070A2A411211F747E547B55D87C8FB98FBDC7F11A7C7238957E73D477AD29A24 F29BE51D3D2B297EF0FAD690929A7A1325CA6F8AAB7EEC9082AC41CD5A4FBA2AAEA0336F9F7AE682F791A4B628A4970F9D8CC7E94E32DD20C92E07A9A9B4C60A D26481D2AF5C3466DDC123A5744E5CB3B58CD2BABDC82CEF5A60D1B91BF1907D6A2B199CDE8567241CF53505903F6B4C7BFF002A7D971A82FD4D5B825CD6EC25 26EC6E8C538107BD65DE25DB5C62227611DAABB25EC0A642CD81D4E7358429292DCB736BA1D00A70EB8AC9B7BF91EC66271E646320FAD558E6BEBB6223666C75 C7154B0F2D6EED613A8BA1D10C53AB9D1777965381296F756EE2AF6A77D2C4B1185B0B22EECE2878777493DC3DA2B6A6A518F6AE7BFE264D1F9A0C9B719C8F4A BBA4DFBCEED0CC72C06437AD12A0D26D3BD814EEF534CD262B1AEB50B89AE8C36DC00703039351B5CEA166CAD31254F63DE92C3CADBEA1ED11BA40A8E53B6362 3A8048AA57BA8F976D1B45F7A41919ED5444BA8BC464C31423D3B528D06D5DE837516C5AD32F65B995D242080B9E056962B1745FF8FB71FEC56E601A5888A8CE C874DDE2331453B145606837028C52D1D69009498A76293140098A5C734A05140098A5029714A2980014E028C714E02810014E03E643FED0FE74A05291803D88 FE74FA08E9B47D16DF577984ECEBE5636ED38EB9FF000AD61E08B3278B9B81FF0002A6783F9BBBC5FF00610FEA6BAF55A51826AE4B9B4EC8E50780606FBB7F70 3F1FFEB53BFE15D93F7755987D40FF000AECA31565055FB3889D491C11F873758F93573FF024151BFC39D4C7FABD52261FED478AF4751C53A9AA7117B491E60D F0EF5A1D2FED8FD56A07F006BA3A4F66DF98AF553513D3F6710F6923C9A4F03EBEBFC168DF4722B3EE7C1BAD960B269F1C8077592BD85EABBF5353ECD2D86AA3 3C7FFE113D6614DBFD9E703D2515049E1DD593AE9D37E0C0D7AEC8335038EBF4A4E9F98FDA791E1DA85B5F444225A485B241CF38FCAB2DF4DBF9399237FA115E B5AADB0470E8A01627763BD5058646E39ADE9524E37644EA6A7998D267EEA47E1522E96E3AAB7E55E946CA42718A0E98E5802A3F2AD7D92EE2550F3A4D348FE1 353AD811FC35DE36998E4A0FCAA37B045EA054BA668A67126D081D2AB5E5BEDB690E3A0AEDA4B3887F08AC8D62DE35D3A7DA07DC350E162F9AE727A69F9A4FC2 8BF389E03FED7F5A6E9C7F78E3D852EA5D623EF53D4C99B3AD0DB146FB54B302416ED4BE1D8B7594B7007CECE549F603FF00AF4ED404525B13733858954050AB 934DD1A1B11B8C2F721D4FCC8EFB73EF8143571A959116B27E5B439EBBFF009D57D3A293CDC842C0F518C861E95D1DC0882C444113119C6E5CE2B1AFAFAE9EF8 DB433B448A8388B0BC9A6A5656138B6EE5BBAD19A6B63E44451FEF007807DBDAA96A1A0CF737B2CCD3C11A00B9DCD92381D8569594CF7367148EE5988C124F71 C1A4D4EE116692124AB14523038345FA0DC6DA98A74DB0B2C89F51766FEE4317F534EB69B468E6022B4B891C1E3CC7C64FE14FB56175E216658C4A883BE31F5A ABAA8F2AF2398040CC49C21EC0D4DF5B156D2E3F5F712089826C05890BE9C0ABD67FF1ECBF4ACFD74109093F5FCC0AD1B1FF008F54FA54CB640B727A4C53B146 2A4A3069D8A4A515421452D14A2A405151CE4889B1E952547723F72D4D6E0F633946481EB5AF1A8440A07415909C3AFD6B4A697CA8B3DCF4ADEAA6EC919C3424 79923FBC6A337D183DFF002ACF66691B92493532D94CC33803F1A3D9422BDE61CEDEC587BD8D908E79F6ACFEF567EC137B7E741B19941271C7BD5C1D38ECC4D4 99723BF8B8073CF1D2A4BE19B463590A70E3EB5B5711B4968CABCB11C0ACE708C249A2A2DB4CCAB7B77B862A84640CF35646973FF797F3A974EB69629D99D700 AD6A015552B352F758A304D6A53B4B116E0BB10CE463E954AD976EA0A7FDA35B98E31590D6B7097D98D3700DB81ED4A954BB9733DD04E3A2B0B7D71235C18D58 A81C6077A1ACAEC44CC5FE5C648DD4FBFB195A6F36352C0F5C5301D4593CBDAF8E9D2B68B5CAB95A21A77771B640186E87AC756B445DB3CABFEC8FE74B63A7DC 469319140DF195033DEA5D26CAE20B9769536A94C75EF4E7383525714632BA22D713E685BD88A82FB9B2B23FEC62B4F56B29AE522F2577104E79A82E74DB9934 FB64540644CEE19E94A94E2A31BBEA128BBB2FD87CDA7C07FD815896236EB3B47F7987F3AE86C20786C618E418655C115970E9B731EB1E7141E50909CE7B7351 094539DDEE534F432628E66BC2909225C9C738AB7269FA8CAB8932C3D0B55AD43499C5C9B8B5E7272403820D41E56AEFF29F347D4E2B6753992945A5EA4F2DB4 68A97D049047024A30C14F1F8D6FC401B34DBD360FE551DED83DDDA460E04C8383EFDEB2C5B6A712F96A1C2FB1E2B1938D5824DD9A292717B0DD1F8D41C7FB26 B7F1595A6E9F7105CF9B28C0C118CF35AC462B1C434E7A334A69A5A8CC5045388A08AC0D06D2629D8A2801B452E28A40369C052D03AD300A5A2945000053C0A4 029E0502628143E769F6A50334483F76D4C93B6F079FF8995C0F5833F930FF001AED14735C47840E35823FBD6EDFCD4D774BD6AE1B112DC9105594A812AC2D59 9920A5A8E5952085E590E1114B31F40064D73EBE299B5019D1B44D42F90F494A79519FF81375FC2A92B81D131A8A460AA49381EA6B13EC3E34D47ACBA769311F EE033483F13C5393E1FC1707CCD6357D43517EEAD298D3F21FE355C8C06DFF0088F48B1C8B8D42046FEE87C9FC8573D3FC41D1E3D42DED4A5DFEFD82A4861DAB F5E79C7E15D2B59F84BC3C4010D9432104A809BDCE3AFAD79D7C57689BC47E1DB9871E5C912B29031C6F38A251B205AB3D119830C8A85C52C4730A1F551FCA86 15914735ACCBE4C6ADEAF8AC8FB7007AE2AF789C95B453FF004D47F235CAF9A6B5A52B441C6E6F1D540A43AC1C8C573ED21C75A6F9BEF5AF38B90DD935369063 3559EF093D6B2C4A73D694C9EF50E46918171EE6B3B52937D9CE3FD834AD27355AE9B36D28F543FCAA1C8D394E4ADA4F2DC9F5145E4DE66DF6351AF5A64B53D4 CD9A1A84C64B68D73D08FD38A2CAF161BE8E42D8CA6D624D55BB6E553DB351AC52498D9131FA0A0475935D83121CF4CF35CE4B3BCF7D2CD19C7619ABA448D62A 8DB51C0C10EC05548208E22C64B98067D1B3FCAA514DD91A5A15E7FA31818F28C48FC6B535388CA049181BB00B13D718AE76D9AD2D26327DA8B1F458CD5F9B5C B47429E5CCD918382053B36C57D0A16723C17E244E467047622AC6AF6CFBD65720647CAA3B546BA859A02174F0DFF5D2527F953DB5A72DB96CED548E0129B8FE A6A952937740E7A59956FD8B59C1B892471CFD2B66C79B54FA0AC5BEB992EE012CBB776FC7CAA00E9E82B6F4EFF8F44FA0FE551515B408966929D8CD18ACCB30 2945253A980B4A2905385031453271989BE9520A6CA331B7D292066483C8AB5787EE7A62AA55BBBFB919F6AEB7F12305B316C1434A49EA056A002B2F4F3FBF61 ED5AA05615BE234A7B0A050E3287E94B4372A6B22CE7CF0C7D8D7428408831E98AE7E4E247FA9ADE1F359FD53FA575D7D523286EC68BFB7FF9E83F2A70D42D87 593F4AC6B687CFB85889C67BD68FF638C1FDE9FCA94A9D38BB36C14A4F634619E29BFD5B86C7615600AE5E367B5BA041C32360D6ECDA9436F26C6DC5BAE00A99 D069AE5D6E38CF4D4BA054816B2D75A833CA3815A515CC325A99D1B28064D44A8CE3BA1F3A7B13AA8A9552B346B5681491BB8ED8AB16BAA41710CB2F28B16325 BDEAFD8544AED13CF12F04A704AC86F115BAB61639187AD5FB0D4EDEFC958C95703255BAD3961EA455DA17B48B7645AD949B39ACFBAD76DADE478823BB29C1C0 E33502789212FF003C0EA3D720D52C2D56AE90BDA44D7D94CC0248E322A96A7AA4705AA98F71F390EC75ED58BA66A62CDE56983B97C739A70C24E51720755276 35F50BF162C80C65F703D0E2AC46C258924030180358BAB5CA5EC16F3A290096183F852C7ADF9304712C39D8A0124F5AB7856E9AE55AF525555CCEFB1B256984",,,,,,,,,,,,
77,WSJ,pre_dobbs,2021-09-01,Texas Abortion Law Takes Effect Pending Supreme Court Action; Justices haven't acted on request by abortion providers to block the state's so-called fetal-heartbeat law,News,1223,0,supreme_court_ruling,0,1,1,0,0,1,0,0,0,1,1,0,0,0,"5482018E9D9225374E7A6996EE915423FF83A33BF62A891989C90803A91AC838A78E2333D052FEF2A45F4DB25F45CB44858A87300060AC8928EC6625F938172B ECA38D7819882EEB41B625F5AA66C78B0DA9F8C4BBCFB9C936FBF01B98AE89FF95B304062B1AD112A05C199B1A7E2F502D6C4DB2E674CC59FAE254F2F1929BDE C716139DE92405AA5F35C184C48C30A07DA7FC1F0CDD833B220D6927ACE9640181781F03D8278F0F4425DCD616C64BC12E565C581368943117F44CA28583B495 360B2A45B908C4A6DE7B0BDF4A860633E57136F3AC5BF0A2B3A6CC7DD05186E29141E533B0372D315DF011964FDDF4A4FAC5722CDE21CA29C5D5A6457DA742B0 EAE68C383329DD580B45B27AD3E4789446118AABA95FCCC93C1F5846479571AD24195742730880B1D826572715C31EF3644C0660B19D1ECBC8772C8445EB20C9 8E7E8C19694EE827DD7C0D3D2FB257DEA0815A34B8734AAFE5A463B0C84FD7FFF831A6FC625E5CA9B60F34B2B56199CB556C40D219318A8B0B35156283A0E52D 05B533A52E6A556CD5F6985A39082F3DF15FFF5498A8BC28437F9CF40B700E76A56FD9C678CF6D59C7B2F4B56B31CD5626922C75596997D3FC0D49ABCB16CD68 34D2557905AB07BAE35C72C55BF8F1C6B5D232995B4612B9916E2450A25D495BBB3B4CF55189BFA8844E529868AC2F39074A0E9B94735CE7B5F241876202E2EE 7DB0D43D3B21C493D11A4B0F39D5BF306E74BE4EBDF0EEBCC223AFB86A43D422609FD0E019F9A204C22CC9CA107BB555F8D92EA164ABE9F36C04C6891627B377 29E38896273FB72C0559482ED81DBD06E29B226C9E77092358D4CCCC520566FF2C037B1B8A24199B7419314D614C968D34C2A0861534A03BB10F775813652765 8B61AE411FB96693AB9625094F839BD4CFD284919078713D81D9CC764CD3BEDDF8B84E3FB54C72CD979DDBE1EB961E53C6F836C330842C65B30CCB04A6191AAB B67C62A7DB21CE77DC941E2A2D312C523CE5593E393C34D42913BDCECA1177E3C51F9EE77DDB590C47685DA37219E93AD1190B74F216CB15F4B54009E2919F8A F953477D87185E73E6615C08C8AC8C8F32E97E0C4200394678AEC430A58DC1877C812DF415333AF47E0C1AFEDD6E9BD8123E288DD9D9C6F2BC31D6843668B8E6 184F0319ECD0DB761217F84D2623549B609B8FE37D8CEE62CA3FFF7D628C7E8D82CB0DD61648BC1232E044028B172348F39ADBFCE638CFB9CE77CEF39EFBFCE7 400FBAD0874EF4A21BFDE8484FBAD297CEF4A63BFDE9508FBAD4A74EF5AA5BFDEA58CFBAD6B7CEF5AE7BFDEB600FBBD8C74EF6B29BFDEC684FBBDAD7CEF6B6BB FDED708FBBDCE74EF7BADBFDEE78CFBBDEF7CEF7BEFBFDEF800FBCE0074FF8C21BFEF0884FBCE217CF78B40704003B U.S. News US Texas Abortion Law Takes Effect Pending Supreme Court Action; Justices haven't acted on request by abortion providers to block the state's so-called fetal-heartbeat law By Brent Kendall,Jess Bravin and Jacob Gershman 1,161 words 1 September 2021 23:36 GMT The Wall Street Journal Online WSJO English Copyright 2021 Dow Jones & Company, Inc. All Rights Reserved. Corrections An earlier version of this article incorrectly gave the name of Texas clinic operator Whole Woman's Health as Whole Women's Health and the name of Live Action, a group that opposes abortion rights, as Life Action. (Corrected on Sept. 1 and 2) WASHINGTON \'20\'14A new Texas abortion law that bars the procedure after about six weeks of pregnancy took effect Wednesday, after the Supreme Court didn't act on \* HYPERLINK ""https://www.wsj.com/articles/supreme-court-asked-to-intervene-on-texas-six-week-abortion-ban-11630355606"" an emergency request by clinics and abortion -rights advocates to block it. When the court said nothing Tuesday by midnight, the ban officially went into force, making it the most restrictive abortion law in effect in the U.S. The high court still could choose to act soon. \* HYPERLINK ""https://www.wsj.com/articles/texas-governor-signs-fetal-heartbeat-abortion-ban-11621452346"" The state law ,",,,,,,,,,,,,
78,WSJ,pre_dobbs,2021-09-06,Does Joe Biden Have Any Core Principles? Leadership hasn't been a hallmark of his long political career. His real talent is following the herd.,Opinion,939,1,religion,0,0,0,0,0,0,0,1,1,0,0,0,0,0,"expediency. There's a giant hole where the man's principles should be. No issue better captures this than his stance on abortion , a topic of renewed attention in the last week. Mr. Biden is a cradle Catholic, a weekly Mass-goer who is frequently photographed clutching a rosary. In his inaugural address he quoted St. Augustine. For all I know, he has a bathtub Madonna installed in the Rose Garden. But like many Catholic Democrats in elective office, he has long found politically convenient ways to accommodate the church's authority on some of the fundamental moral issues of the modern age \'20\'14homosexuality, divorce, and above all abortion \'20\'14to the ascendant social progressivism of his party. In the past Mr. Biden has insisted that, while he personally opposed abortion , he couldn't impose his views on others. But last week he responded to the arrival of the new Texas law that in effect bars abortion after six weeks with a much less nuanced denunciation, saying, ""My administration is deeply committed to the constitutional right [to an abortion ]."" I can't know Mr. Biden's conscience. Abortion is an issue that genuinely tortures the souls of many Catholics. They believe that God-given life begins",,,,,,,,,,,,
79,WSJ,pre_dobbs,2021-10-15,Justice Department to Ask Supreme Court to Block Texas Abortion Law; Biden administration's move presents high court with new occasion to consider the state's novel ban on women's abortions after six weeks,Politics,509,0,supreme_court_ruling,0,0,0,0,0,0,0,0,0,1,0,0,0,0,"29E38896273FB72C0559482ED81DBD06E29B226C9E77092358D4CCCC520566FF2C037B1B8A24199B7419314D614C968D34C2A0861534A03BB10F775813652765 8B61AE411FB96693AB9625094F839BD4CFD284919078713D81D9CC764CD3BEDDF8B84E3FB54C72CD979DDBE1EB961E53C6F836C330842C65B30CCB04A6191AAB B67C62A7DB21CE77DC941E2A2D312C523CE5593E393C34D42913BDCECA1177E3C51F9EE77DDB590C47685DA37219E93AD1190B74F216CB15F4B54009E2919F8A F953477D87185E73E6615C08C8AC8C8F32E97E0C4200394678AEC430A58DC1877C812DF415333AF47E0C1AFEDD6E9BD8123E288DD9D9C6F2BC31D6843668B8E6 184F0319ECD0DB761217F84D2623549B609B8FE37D8CEE62CA3FFF7D628C7E8D82CB0DD61648BC1232E044028B172348F39ADBFCE638CFB9CE77CEF39EFBFCE7 400FBAD0874EF4A21BFDE8484FBAD297CEF4A63BFDE9508FBAD4A74EF5AA5BFDEA58CFBAD6B7CEF5AE7BFDEB600FBBD8C74EF6B29BFDEC684FBBDAD7CEF6B6BB FDED708FBBDCE74EF7BADBFDEE78CFBBDEF7CEF7BEFBFDEF800FBCE0074FF8C21BFEF0884FBCE217CF78B40704003B Politics and Policy Politics Justice Department to Ask Supreme Court to Block Texas Abortion Law; Biden administration's move presents high court with new occasion to consider the state's novel ban on women's abortions after six weeks By Brent Kendall 430 words 15 October 2021 18:03 GMT The Wall Street Journal Online WSJO English Copyright 2021 Dow Jones & Company, Inc. All Rights Reserved. WASHINGTON \'20\'14The Justice Department on Friday said it would soon file a request with the Supreme Court seeking to block enforcement of \* HYPERLINK ""https://www.wsj.com/articles/texas-abortion-law-what-to-know-as-supreme-court-allows-it-to-take-effect-11630606238"" a Texas law that bans many abortions in the state. The department's plans, announced by a spokesman, will pose a new test for the high court just weeks after the justices, on a 5-4 vote, \* HYPERLINK ""https://www.wsj.com/articles/supreme-court-rejects-emergency-request-to-block-texas-six-week-abortion-ban-11630556283"" declined to prevent the law from taking effect in September. The Justice Department has argued that its case against Texas offers an easier path for the Supreme Court to intervene than an earlier lawsuit filed by abortion providers against the state. Texas disagrees and has argued the federal government's lawsuit is improper. The law, known as the Texas Heartbeat Act, or SB 8, says physicians can't knowingly",,,,,,,,,,,,
80,WSJ,pre_dobbs,2022-02-24,"As Supreme Court Weighs Abortion Rights, More States Look at 15-Week Bans; Lawmakers in Florida, Arizona and West Virginia are pushing bills similar to the one being considered by the high court",News,1305,0,supreme_court_ruling,0,0,1,0,1,0,1,0,0,6,2,0,0,0,"360B2A45B908C4A6DE7B0BDF4A860633E57136F3AC5BF0A2B3A6CC7DD05186E29141E533B0372D315DF011964FDDF4A4FAC5722CDE21CA29C5D5A6457DA742B0 EAE68C383329DD580B45B27AD3E4789446118AABA95FCCC93C1F5846479571AD24195742730880B1D826572715C31EF3644C0660B19D1ECBC8772C8445EB20C9 8E7E8C19694EE827DD7C0D3D2FB257DEA0815A34B8734AAFE5A463B0C84FD7FFF831A6FC625E5CA9B60F34B2B56199CB556C40D219318A8B0B35156283A0E52D 05B533A52E6A556CD5F6985A39082F3DF15FFF5498A8BC28437F9CF40B700E76A56FD9C678CF6D59C7B2F4B56B31CD5626922C75596997D3FC0D49ABCB16CD68 34D2557905AB07BAE35C72C55BF8F1C6B5D232995B4612B9916E2450A25D495BBB3B4CF55189BFA8844E529868AC2F39074A0E9B94735CE7B5F241876202E2EE 7DB0D43D3B21C493D11A4B0F39D5BF306E74BE4EBDF0EEBCC223AFB86A43D422609FD0E019F9A204C22CC9CA107BB555F8D92EA164ABE9F36C04C6891627B377 29E38896273FB72C0559482ED81DBD06E29B226C9E77092358D4CCCC520566FF2C037B1B8A24199B7419314D614C968D34C2A0861534A03BB10F775813652765 8B61AE411FB96693AB9625094F839BD4CFD284919078713D81D9CC764CD3BEDDF8B84E3FB54C72CD979DDBE1EB961E53C6F836C330842C65B30CCB04A6191AAB B67C62A7DB21CE77DC941E2A2D312C523CE5593E393C34D42913BDCECA1177E3C51F9EE77DDB590C47685DA37219E93AD1190B74F216CB15F4B54009E2919F8A F953477D87185E73E6615C08C8AC8C8F32E97E0C4200394678AEC430A58DC1877C812DF415333AF47E0C1AFEDD6E9BD8123E288DD9D9C6F2BC31D6843668B8E6 184F0319ECD0DB761217F84D2623549B609B8FE37D8CEE62CA3FFF7D628C7E8D82CB0DD61648BC1232E044028B172348F39ADBFCE638CFB9CE77CEF39EFBFCE7 400FBAD0874EF4A21BFDE8484FBAD297CEF4A63BFDE9508FBAD4A74EF5AA5BFDEA58CFBAD6B7CEF5AE7BFDEB600FBBD8C74EF6B29BFDEC684FBBDAD7CEF6B6BB FDED708FBBDCE74EF7BADBFDEE78CFBBDEF7CEF7BEFBFDEF800FBCE0074FF8C21BFEF0884FBCE217CF78B40704003B U.S. News US As Supreme Court Weighs Abortion Rights, More States Look at 15-Week Bans; Lawmakers in Florida, Arizona and West Virginia are pushing bills similar to the one being considered by the high court By Jennifer Calfas 1,225 words 24 February 2022 10:30 GMT The Wall Street Journal Online WSJO English Copyright 2022 Dow Jones & Company, Inc. All Rights Reserved. Lawmakers in three states are pushing bills that would ban abortion after 15 weeks of pregnancy, as politicians across the U.S. prepare for possible changes to the abortion rights landscape. The moves by GOP-led chambers in Florida, Arizona and West Virginia mirror the \* HYPERLINK ""https://www.wsj.com/articles/mississippi-asks-supreme-court-to-end-roe-v-wade-abortion-rights-11626985810"" Mississippi law at the center of a case before the U.S. Supreme Court . The justices' \* HYPERLINK ""https://www.wsj.com/articles/the-mississippi-abortion-case-at-the-supreme-court-what-you-should-know-11621337351"" decision in that case , expected by the end of June, could upend Roe v. Wade, the 1973 landmark decision that established a constitutional right to end an unwanted pregnancy. That would open the door to stronger state restrictions. The West Virginia House of Delegates and Arizona State Senate both passed bills banning abortion after 15 weeks of pregnancy last",,,,,,,,,,,,
81,WSJ,trump_ii,2026-01-07,Senate Republicans Say Deal on ACA Extension Within Reach; Emerging framework would continue enhanced subsidies for two years,Politics,1087,0,election_campaign,0,0,1,0,0,0,0,0,0,0,0,0,0,0,"and overhaul the federal health-insurance subsidies that expired at the end of last year, though language related to \* HYPERLINK ""https://www.wsj.com/politics/policy/aca-subsidies-abortion-funding-ebda5459?"" abortion coverage remains a major sticking point. The emerging framework would extend the expired enhanced Affordable Care Act subsidies for two years, while adding income caps, antifraud measures and other provisions designed to draw GOP support. The legislation would require 60 votes to clear the Senate, where Republicans have a 53-47 majority, and would also need to be approved by the GOP-controlled House. Sen. Bernie Moreno (R., Ohio), who is leading talks along with Sen. Susan Collins (R., Maine), said senators are close to finalizing a framework and could release the text of the bill by Monday. He said his goal was to craft a measure that could draw support from more than half of Senate Republicans. ""We're in the red zone,"" he said, though he cautioned that doesn't mean it is a done deal. Collins echoed Moreno's optimism, saying that senators ""are close to coming up with a proposal that would be bipartisan."" Republicans have for years opposed the \* HYPERLINK ""https://www.wsj.com/health/healthcare/affordable-care-act-subsidies-charts-3ec139fa"" enhanced ACA subsidies , which were first passed into law in 2021 by Democrats and expired",,,,,,,,,,,,
82,WSJ,trump_ii,2026-05-01,"Appeals Court Curtails Access to Mail-Order Abortion Pills; Judges pause FDA rule allowing doctors to send mifepristone through the mail, limiting access to most popular method for ending pregnancy",News,1630,0,federal_executive,0,0,0,0,0,0,0,0,0,0,1,0,1,0,"8E7E8C19694EE827DD7C0D3D2FB257DEA0815A34B8734AAFE5A463B0C84FD7FFF831A6FC625E5CA9B60F34B2B56199CB556C40D219318A8B0B35156283A0E52D 05B533A52E6A556CD5F6985A39082F3DF15FFF5498A8BC28437F9CF40B700E76A56FD9C678CF6D59C7B2F4B56B31CD5626922C75596997D3FC0D49ABCB16CD68 34D2557905AB07BAE35C72C55BF8F1C6B5D232995B4612B9916E2450A25D495BBB3B4CF55189BFA8844E529868AC2F39074A0E9B94735CE7B5F241876202E2EE 7DB0D43D3B21C493D11A4B0F39D5BF306E74BE4EBDF0EEBCC223AFB86A43D422609FD0E019F9A204C22CC9CA107BB555F8D92EA164ABE9F36C04C6891627B377 29E38896273FB72C0559482ED81DBD06E29B226C9E77092358D4CCCC520566FF2C037B1B8A24199B7419314D614C968D34C2A0861534A03BB10F775813652765 8B61AE411FB96693AB9625094F839BD4CFD284919078713D81D9CC764CD3BEDDF8B84E3FB54C72CD979DDBE1EB961E53C6F836C330842C65B30CCB04A6191AAB B67C62A7DB21CE77DC941E2A2D312C523CE5593E393C34D42913BDCECA1177E3C51F9EE77DDB590C47685DA37219E93AD1190B74F216CB15F4B54009E2919F8A F953477D87185E73E6615C08C8AC8C8F32E97E0C4200394678AEC430A58DC1877C812DF415333AF47E0C1AFEDD6E9BD8123E288DD9D9C6F2BC31D6843668B8E6 184F0319ECD0DB761217F84D2623549B609B8FE37D8CEE62CA3FFF7D628C7E8D82CB0DD61648BC1232E044028B172348F39ADBFCE638CFB9CE77CEF39EFBFCE7 400FBAD0874EF4A21BFDE8484FBAD297CEF4A63BFDE9508FBAD4A74EF5AA5BFDEA58CFBAD6B7CEF5AE7BFDEB600FBBD8C74EF6B29BFDEC684FBBDAD7CEF6B6BB FDED708FBBDCE74EF7BADBFDEE78CFBBDEF7CEF7BEFBFDEF800FBCE0074FF8C21BFEF0884FBCE217CF78B40704003B U.S. News US Appeals Court Curtails Access to Mail-Order Abortion Pills; Judges pause FDA rule allowing doctors to send mifepristone through the mail, limiting access to most popular method for ending pregnancy By Jennifer Calfas and Victoria Albert 603 words 1 May 2026 23:24 GMT wsj.com WSJO English Copyright 2026 Dow Jones & Company, Inc. All Rights Reserved. \* FF D8FFE000104A46494600010200000100010000FFDB004300080606070605080707070909080A0C140D0C0B0B0C1912130F141D1A1F1E1D1A1C1C20242E272022 2C231C1C2837292C30313434341F27393D38323C2E333432FFDB0043010909090C0B0C180D0D1832211C21323232323232323232323232323232323232323232 3232323232323232323232323232323232323232323232323232323232FFC000110801AA028003012200021101031101FFC4001F000001050101010101010000 0000000000000102030405060708090A0BFFC400B5100002010303020403050504040000017D01020300041105122131410613516107227114328191A1082342 B1C11552D1F02433627282090A161718191A25262728292A3435363738393A434445464748494A535455565758595A636465666768696A737475767778797A83 8485868788898A92939495969798999AA2A3A4A5A6A7A8A9AAB2B3B4B5B6B7B8B9BAC2C3C4C5C6C7C8C9CAD2D3D4D5D6D7D8D9DAE1E2E3E4E5E6E7E8E9EAF1F2 F3F4F5F6F7F8F9FAFFC4001F0100030101010101010101010000000000000102030405060708090A0BFFC400B511000201020404030407050404000102770001 02031104052131061241510761711322328108144291A1B1C109233352F0156272D10A162434E125F11718191A262728292A35363738393A434445464748494A 535455565758595A636465666768696A737475767778797A82838485868788898A92939495969798999AA2A3A4A5A6A7A8A9AAB2B3B4B5B6B7B8B9BAC2C3C4C5 C6C7C8C9CAD2D3D4D5D6D7D8D9DAE2E3E4E5E6E7E8E9EAF2F3F4F5F6F7F8F9FAFFDA000C03010002110311003F00EAF50976AEC15C9EB5A3ADEC4658801328FC EB6DEED2F91678DB72B0CF14CAE49A52D19D706E3B1E5F3A344CC8E36B0E08AA8267865592362194E45779E20D0D6F6169A018980FCEBCF67568E564752ACA70 41AE3941C19D6A6A48F4CF0EEB4BA8DA2A3B7EF5460D6F035E3FA56A1269F7692A31C679AF53D3AFA3BEB649508E4722BAE9CF996BB9CB521CAEE5D9A14B985A 375054D41A2E936FA4BC8F1019735601A954D6B657B99DDDAC59DC59893522D4286AC20E2A919B1E5885C540796E69EC79A7A053D698982DB8714D7B7D839153 970A3835566BA0B9C9A7A0B7295C28E4565DC424E6B4A5B946EB54E5950838352CB5731A68981ACE96F65B7936A139AD7BA95551989E95CD3B9924673DCD7063 2AFB38DA3BB3D1C1525525796C8BBFDA85B87041F5A7A5F93D1811594693A1E0D70C31935BEA774F0707B6874D6F730DDC2D6F71C23F1CD72FAB782AEA291A5B 122588F207A5585B8741806ADC3ACCF08C6E20575C7174E7A4B4392784A91D625DD2566834E8E3B842AEA318357D64E7AD6336A6F29DC5835491DF03D78AE94E 32D8E76A4B744DE29B6179A2EF032D1F35E7A028AF4D85E3BDB792D8B0F9C60579F6B1A1DEE9972E1A2668B395602A2A45EE384ADA1DD68D2F9BA540739C0C56 806C1AE6FC2B396D2F63672A7BD6F86AB5B08CCF1AC3E6E970DC01CA1C1AE08495E9DAA422F3429E2EA40C8AF3164DA707B565556B72A9ED63BAF0A16FECA656 18C36456F03CD72FE10999ADE64639C1E2BA606B58EC8892D4ABE2787ED1E1A90F78C835E6FB457AA5DA79FA35DC5D7286BCA19B6B11DC715955DD32E9ED635B C3C36EBB6C7DEBD13BD79C680FFF0013AB7FAD7A3E79AAA5B135372D5A9F9987A8AF22D4E3F2B54BA4F491BF9D7ADDA1FDE8AF31F10C3E5EBD763FDB269D5D93 153DCC7AEFBE1BAC504B757920E46235FEB5C285CF5AEEFC18BB34991BFBD21A8A4FDE2EA2F74F4A8EE6DE6EE2B2FC497F65A1E9EB77711BBA3BEC1E58C9ACE5 9181E09159BE3599A4F0A618E7122D7539BB1CAA9FBC896D35DD1B5120417A2373FC128DA6B43ECEFB772E1D4F7539AF1A38AB769ABEA160C1AD6EE58F1D8371 F9560AAF746EE93E8CF5911B74C734A5187514FF0007DC5D6ADA1A5C6A1B0C8C4ED6030587A9ADB934E047CB5D0A375739DCECECCC0A504D5EB9B078FA2E4D51 65653F3022A5A652771EB2B2F4635663BD917BD53A5145C1AB9AD1EA0A786C1AB0B345277C1AC2CD396465E87154A44B8237B60232A41A0861D6B223BB917BD5 B8F51ECDFAD3B92E2D16FAF5154AEF48D3EFC1FB45AC4EC7F8B6E1BF3156D2E6293AF1528556FBAC0D3B264A6D1C7DEF80ED2504DA4EF0B7A37CC2B9EBDF086A F6992B12CE83BC673FA57A8156145632C3C246D1C44E3E67894B0CB03149A278D87665C536BDA27B3B7BA5DB3C31C80F66506B02F7C0FA5DCE5A00F6CFFEC1CA FE46B9E5847F659D10C547ED23CDC0A78E95D25E782352B7CB5BBC770A3A0070DF91AC1B9B2BBB362B736F2467FDA5C573CA94A3BA378D48CB66427AF346DF4A 14834FDB59962608A4C9A7F2290D030E28E0D215CD26194D0005727A531A3F4A943534E280202AC29991DEACF0698D1669A62B10ED06A368FD2A66888E454796 5EA335571109420D20623AD58DCA698C80F4A648824F5A7EE0DC542508E94720E69812B4608CD5774C54C24ED43104534266DF87F5B6B3945BCCC4C2C783E95D B060E0329C83CE6BCA778AEA3C3BAF0C8B4B87FF00758D7451A9F6598D5875475E4D72FE25F0F25E21B9B75C4CA39C77AE90B719A6EE15D0D26ACCC1369DD1E4 251E390C6E0AB29C106BA3F0E6B0F6572B13B1F2D8D6AF887C3EB74A6E6DC0120EA077AE5B4FB4965D52180290E1C645735A509A3A2EA51D4F5C8DB7C6ADD986 454CA690C420B7863EE146684E4D769C6598F9AB3BB02A08B8E6877A6886399E99E611DE999269ACD814C025B8603AD65DC5CB16EB53DC3F06B364258D4B2920 79DBD6A0798D39D4D5790601348B28EA57388FCB0796ACFCA85A65D4FE65C31CF03815107AF0F153F69519EE6169FB3A68958E6984D37752139AE7B1D371C1A9 7AD479A5068B08523069EB23AF7CFD69B9A4CD546528ECC4E317BA2E43746360C09523B8AD88B5CDF17973A24ABEE2B9BDD41F5AE9862EA477D4E69E129CB637 DAF6DC1FDD442207B015225D29E8D5CE89645EF91EF5225C7AE57E95D50C5C25BE872CF0938EDA9D6DAC8255788F3B8115E6BACDB4D61A8CB1C88541625491D4 57536D7B246E191B38AD796EB4CD56011EA16E377F7B15BFBB35A339DA941EA8E63C1939334E87B8AEC835645BE99A6E9D2B4B66C72DEA6AEA4C0F7A69595857 B9A9010E9227F7948AF28BF80C37F3C7D36B9AF50B497F7A3DEBCF7C5286DB5D9C1180FF0030A8A8B42A0F523D04E359B7FF007ABD27BD798685303ACDBFFBD5 E9BBA9D3D104B5659B638997EB5E7FE2F5F2FC433FFB5835DE4470EBF5AE27C768575B571FC4828A9AC451D247362415E83E1418D110FAB135E722BD2BC36BB3 43807AF3514B72AA6C6C0CD6778BB9F0ABFF00BE2B441AA1E2AC1F0B4B9ECC2B67B3325BA3CC36FA52043902A4F94D4D67199AF218C73B9C0AE54CE867AA690E F65A65AC48701631C56D5B6AAE1807E4563A8DAAA07618A9A3FBCB5D89B47238A6733F11B54BB8B5BB66B5BA9625F281DA8D819F5AC4B2F1D6AF6D85B831DD20 ED22F3F9D4BE3E72FAF281FC31015CA56139B5266D182E547A3D8F8DF48BB216EE192D5CFF0010F996BAD8ACD668565898491B0CAB0EE2BC46CA0FB4DEC1063E FB815EEDA7DDDBDADAC56CAA155142815B529736E63563CBB14DED197B115032943835D347E45C770735C46ABE30D22CF59B8D3EE219D0C2FB4C806466B49592 B99C1C9E86866973505ADF69D7EA0D9DF42E4F452D83F955968244EAA6A4B00C47435325CBAFF11A8846C474349823AD3D42C99A116A0C3EF74AB497713F5C56 2D38134F9897046E8D8E3E5614A508AC549DD7A31AB31DF3AF5A7725C5F42FF23B53648E3994AC88AEA7B30CD323BD8DFEF0A983C6E386A774C869A30EF3C25A 4DE65841E539FE28CE3F4AC0BBF02DC4796B3B95907659060FE75DE6C3DB9A4C11DAB395184B746B1AD38ECCF27BCD2351B127ED16922A8FE20323F3159E7AD7 B41C1EA2B36F340D32FB265B540C7F893E53FA573CB09FCACE88E2FF00991E541690822BB8BCF02A1CB59DC953FDC9067F5AC0BCF0E6A96792F6C6451FC51F35 CF2A138EE8E885684B666215CD26CCF7A9CA1562ACA5587504629367A5646A40548A6EE353329A88A9CF4A0042734D34B83DA8C102810C28ADD2A231B2F20D4F 4879AA4495F763EF0A383523006985076E29DC430A71914C391526197DE90907AD34C4CACF9524118238C1AACD3346E19090C3904576DAFE802E11AE2D80128E 4A8EF5C14E192464705587041ADB91C599F3A923D07C39E205BE816DE76C4AA3033DEB78BE3BD7915B5C496D32CB1B10C0D77DA7EB2B7F6606EC480735D119DF 466328DB546F8994F048A8EDAD2D21BDFB52A0F33D6B244AC0F5A99276F5AB22C74A6E3CC6C935344D9EF5CFC770DC5695B4E4919356990D1B5BB0BC533EF557 59B3DE9CD70AA39354458B0AB914D9138A856ED3FBC29935DA63AD3B8ACCAF3819C66AA95502896E1493CD577B81EB525A448FB40ACCD52E05BDAB1FE23C0AB0 F72B5CDEB379E74E2353F2AF5AE7C454E4833A30F4F9E6914B751BB9A8B75422E57CD29FAD790A2D9EDF3245CDD4BBAA05607BD3F754D87725CD2E6A1DD4BBA9 587725CD1BAA30D4668B05C7EEA5DD51E6973458093AD19A6034BBA95807835209E45E8723DEA0CD2834D371D509C53DCB0B723B82A7D454F15DB03F2B06AA14 A315D10C54E3BEA73CB0B096DA1BB06A3B1C160411EB57AFF4DD2FC496C3CC711DC28E185732B2BA8C6723D0D4A973B5B3CA9F5535D30C641E923967839AD622 DBF83A7D375149C5C23C6873EF5D40941AE796FE5200F3770F426A64BF23EF64574C6517F0B39E51947E23A28DC6E15CA78FF02E6D64F55C56BC37CAD8E6A4D6 F431E23D350C1201711F2A0F7A728F32B12A5669B3CC0B8ED5EA3A10DBA35B0FF66BCE6E740D4ECE7F2E6B571CE3206457A3E980C5A7408C30428CD6708D8B93 B9A20F354BC51CF85A7F622ACAB8F5AA9E236DDE18B8AD1ECC87BA3CBC66B5FC3B11975BB71D8366B1CB0C5747E0C5F335467EC8B5CF15768D9BD0F423D6A587 975AAE1AA7B73FBE5FAD75239D9C0F8D9B7788A519E8A0573640EE2B63C5F296F12DC9F420562073DEB927F133A23F0A37FC256827D723931958816AF45CD723 E0983104F7047DE3B4575B5D14D5A26337A972CA46598618815E41E20B8FB4EBF7D29E774CD5EB31B7956F34BFDD8C9FD2BC6A73E6CD2484F2CC4FEB5359E890 E92D5B2004A9CAB107DABA4F0F78875C4D42DACE0B96991DC2F972FCC31F5EA2B9B287B5757E05B32DA84B78C388970A7DCD6706EFA1A4D2B6A7B025A2491A93 80D8E7150CBA71EC01ACD8AFE68FA364569DBEAA3C990C831B549CFE15DBCC99C2E324664F6CF1B1F94E2A0E86BCB078A759B6BD96586FE5DA5D88563B875ADE B1F88CFC2EA562928EEF09DA7F2AC5548B37F67248EDC1A5ACFD37C41A2EAD22C76B77B256E91CA369ADB364CABD0FD4568B5D8CDBB6E550714F59597A134E68 196A13C1E680DCB91DEBA75356A3BF56FBD8AC9CD2834EEC4E28DC59627E8714FD99E41CD61AC8C3A1C54E976EBDF355CC4721A98228EDC8AAB1EA1FDEFD6ACA DC4527B534C4D3456BAD32CAF548B8B68E4F72BCFE758379E08B3972D6B2C909F43F30AEAC2AB7DD6069A558544A9C25BA2A35271D99E6D79E11D52DB2638D6E 13D633CFE55872DB4B0B1596278D8750C315EC99E79A8E7B682E576CD1238FF6866B9E5848BF859D11C5C97C48F1A31FA53196BD36F3C21A6DCE4C6AD037AA1E 3F2AE7EF3C117B165ADA549D7D0FCA6B0961A71F3378E221238E2A41A8CD6B5DE97796648B8B6913DCAF1F9D673A67A56366B466A9A7B15C838A6126A7D840A6 B2FAD340C8776452601EB4F2829B822988F4435CD7883C3D1DF219E001661E9DEBA36E2A176E0D7A0D5CE24EC793C91496F298E452AC3B1AB96374F6922BA9E3 BD759ACE9115F297501651D08AE44DA4C9388194EE271F5AC249C59B45A68ED607F3ED92603822A653C524710B5D2E184FDFC64D412C9E5DBBBFA29ADDE8AE64 B5762A4BABCA253B000A0E3EB56EDFC40C8007C8AE7F9233DE93762BCCF6D52F7B9EAFD5E9B56B1D9DBEB4AE7292827D0D4D25FBC83D0D70C1C8390707DAACC5 A84F1747DC3D1AB78E29FDA473CF06BEC9D39BC913B9A8A4D49FA6EACC8B578DB02552A7D454CCF04E328C09AE98D68CB66734A84A3D0B1F6F3DDA97ED79EF59 AF191D0D4459D4D6973271B1A33DD048D989E82B9E965C96918F3D6A5BAB9271193EE6AA49F3C640AE1C4CB9A56E88F430B0E58B97723494ED3339FF00745224 892BEC65C13CD12C06485101E4542B6ED12BCA4E5C8C002B34A2CDDF322D313B4088F02859A4070466A9A49BBCB893231CB1A79B89195A51808A7007AD1C81CE 68994201BA94383D08AA6F32BF96AE397A42BB5FE5939F4ACF90BE72FEEA506A9096653F30E3D6ACA3EF5DD50E362D4AE4DBA9775459A5CD4D8A24CD2E6A3CD1 9A560B8FCD2834D068CD2B01206A70351038A7034AC324CD19CD30352EEA5618F0848271C0EF4E5765E8C71E86AFD94224D22F1F1CAE2B381A7EF46CD13EECAE 99324A0724107D56AFDB5F4D6E4343364FA74ACBCD2E6B7862EA47CCC2784A72DB43A61ACCD32ED95013EB8A16E33D6B9C4964439573F4ABD05DB37120000FE2 15D50C6C25F16872CF0528FC3A9B6B3671CD1A9DB4D7FA05CC308DD26320565C77A84FDE15A567A91B770CA78EE2BB1599C4EE8F28956586468E452AE0E08231 5D9F81E3C473CA7BF15D4DEC3A3EAABBAE2D13CC3D580AAD6D6B6B62A52D542A1A850B329CEE8D10F566D9FF007A2B395F356AD5B3271E95A10F63CDBC4926FD 7EED8FF7EB3030A9B5C90FF6D5DE7AF986AAD9A1B8BB8A21CEE602B95C6ECE84F43D43C3B00B6D1615C60B0DC6B5C35538008A08E31D1540A98357425656306E E3B549C5B787AFA5CFFCB320579106CF35E93E2E9FCAF0BC8B9C19180AF330462B1ADBA35A5B5C9315E93E18B3FB1E8D19230F27CE6BCFF4CB7377A841081F79 867E95EAB1811C6A8BD14628A31EA151F425CD41ADDD7D87C357B3838629B17EA78A981AE7FC7B75E568F6B680E0CAFBC8F615B49D9366495DA479B904537352 D3766E2001C9E0571A6749D3F8174C4BCD605DCCB986D8E47BB76AF6786EE0750322B83F0D69FF00D9BA3C51918771BDFEA6B695C8EF5D94FDD472545CECE9A6 8E0FB3C931C6C452CC47A0AE32CFC55A0EAB318E2BA30C99E04C36E7E86A5F116ACFA67852F64DE43489E5273DCF15E2C87D69D4AB60A74AF7D4F7858BCC5DF0 C892A7AA3034CC3038208AF19B3D42EEC9C3DB5CCB137AA3115DCF85BC59AB6A1A8C36571125CA37DE7DB8651EA6A63553762A54E4B53B00A7D29318AD9FB086 5040C7B541258B0FE1FCAB6E530E74676680E41E0D3A48DA3620838A8E9157B9612E5D3BD5A8F5061D6B3696992D23692F227EB8CD4A046FF75AB0771152A4EE BDE9DC5CA6C9461D39A4E476ACF8EFD97A9AB697C8FC3629DC56648CAAE30CA083D8D64DEF85F4ABDC96B658DCFF00145F2FFF005AB615E27E8D8A76CEE39A4E 29EE0A4E3B3385BCF00B609B3BA07FD9907F515CE5F786F54B2CF9968ECA3F893E615EBC148A42A0F5AC658683D8D63899ADF53C21E32A4820823D4540CB5EE1 79A2E9F7EA45CDA44E7FBD8C1FCEB9BBFF0087967365AD2E2485BB2B0DC2B1961A4B6378E262F7D0E43C3DE205BE845BCED89978C9EF5B32B605793C133DBCCB 2C6D8606BBCD1F5A4D46DC4721C4A07E75B45DC86AC6848F806B347966E3CC280B03C55CB86DA86B3D4F39A605C799A56CB555D41F6DA6DFEF1C548BCD54D4DB E68D3D066B3AF2B53669423CD51233E9AC79A71A61EB5E623D712909A09A435401B8D384A54E4120FA8A65349A76132EC77F22F04861EF5616F229386F94D649 A4DC477AD23392D998CA946458BF8B7CBBD06463A8AA3BD91B19CD5859594F048A52E921CBA027D4706872BBD46A3CAAC8896E31D6A412A9EF4D36EADF71C7D1 AA178A48CF2A47B8E94AC98F9996405E7007350FD9173F78EDCE71518919475CD48B3FAD1692D82E9EE314C8F744B261107150A1CDC91C9DC7AFA55D1206E94A 42E0950334F9ADD05CBE636394C92383FEAD78A7C7731F9658FCAA0E2A06819A3DA8FB33D7151CB118FCA182C8BD47AD2E58B1F3345D5BB8DDC229C9353EEACA 47F2FCCB828573C014E86E1BED089BC9DDD41A4E9761AA9DCD4CD2EEAACB70ACCE0745EA6A4591594107835938B468A572606973CD479A506A6C55C7D381A8C1 A7C6AD23AA28CB31C014AC3B962DEDE5BA93644B93D49EC0531C0472A1B7638CD741A822E87A425AA63ED538CC8DDC0F4AE6C1A73872E84C27CFAF43A1D057CE B1D420EE63C815860E0E0F6AD9F0ACA17553113C4A856B2EF2330DF4D1FF0075C8A24AF04C98BB4DA180D2E698296B1B1B1229A7CF27956DC72CDD053231B980 AAD34DE6EA1807E48FF9D0A3760DD91596E641D4107D2AC45A8C887EF1A9182B924A8A8CC087B62BBE18BB2B34704F097774CD1875262073569350F5358C916C 3F29FCEA7C363257F2AE88E2A9BEA73CB0B51743693501EB57AD35348E5563C8AE57760F071F5A7095D7A1AD94E2F66632A6D6E8E8B59F0CE95AEB1BAB698417 0DF7876358BA7F8524D36FD269A647543C62A34BD910F0C454E35273D589A6D26EE4ABA563A61203D0D48AE2B9B4D448EA6AD45A88C8E6AAE4D887C7B71B34DB 5873F79B35E7FE67A57A078A34C975CB0866B460CF1754CF5AE0DB4FBB864D8F0481BA636D63516B734A6F4B1D4782AD4C97525D30E10616BBA0DCD73DE1C856 C74B4461876E4D6D2CA0F715A41591127765D8CE5C0F7AE13C7977E7EB8B083958230BF8D7736CC37963D1466BC9F5ABCFB56B1753673990E2A6AFC362A9FC57 2AE6B67C3761F6FD5A30CB98E3F99AB04495E8FE10D3FECBA609DC6249B9FC2B1A70BC8D672B23A41803031C53D46481518EB53C006FDCDC2AF26BAAC731C47C 48BFCC967A621E235F35C7B9E95C2015A5AFEA0752D76EAE49CAB390BF41C0ACF1835CB395D9D108D90A2BD37C17A6B69D63F6A906279B9E7B2F615C578734A3 A96A88A46628CEE735EA88A1142AF000C0AD2947A91565D0D58B5475C0619153DF6B515B6897974CDB5A3889527FBDDAB1D4126B98F1EEA262B3834C8DBE690F 992E3D3B0ADA53E5573054D4A491956BE3AD6617265963B952725645FEA2B7ED7C71A6DC281776D240E7A94F98579B824548ADEB5C6ABCD1D6E8C19EC3677763 A88CD95E4529FEEE70DF955D36AC0739AF3BF076986E7515BB76648E13C1071B8FA57AE43240E80647E35D94A5CEAECE4AAB91D9186D0B2F6A8C8C1AE8DACE27 56607000C935CB8D6346BA99920BF8F7038C3715A3B2222DB25A3352792C577210EBEAA734C3907041A431CB232F435623BC913BD56DA7146D2281686A47A90E 8F5652E229070706B04D2AB95E869DC5CA8E84283D08349822B1E3BA917A1AB71EA07F8A9DC5667CD1247243214914AB0EA0D58B49DEDA41221208AED357D1A0 BF52EA02CA3A115C84D6535B4BE53A1CF407D6B9257476C5A675D6D746FF004E12E391C1A8D7AD4D616E2C744547FBEFCE2A15E6B6464588864D665EBEFBB7F6 E2B5E30150B1EC33580CFBDD9BD4935CB8B7EEA475E0E3793908698D4E26984D7123D11B486826909AA13109A4268269A4D51206909A09CD34D3401494514C43 B7B53D6523BE2A2A28B0131F2A4FBE983EAB51BDB647EEDC37B1E0D3734E0C68D5136216478FA820D234EF1A16C67E956C4A4719E3D0F341589FAAED3EAB4F9B BA15994AD24739925620B745F4ABA2406A36B5246632AFEDD0D5691250A54128DEF4DA53609B8A2EBEC9176B63155E4416EA5A352643C0355C215DA0B1241C92 3BD5B59C1A5671D82F7DC8D1255B6D847CEE79A25942DC244A7210741DCD58054907BD4715B469334BD59BD69732DD838BD90D86EA51B83F2E5B0055B32913AA 7A8AA50C2EB76F2C9F70722AC441A498CCC303A28A5351DCA8B762E035BBE16B55B8D595DC65621B8D624104D732048636763D94575BA1697A869B1CCEEB1279 8B8F9DBA54D283724EDA0569A516AFA989AEDE1BCD5E6727E553B57E82B3C1AD4BBD21216776D42DCB124E01ACA6E188041C771594D3BEA694DC7952469E8521 4D66D987F7F1563C47108B5C9C0E8C73557434326B36CA01FBF9AB9E2870DAECB8EC00A7FF002EFE62BFEFBE464834E14C14F039AC59B8E794416CF29EC38AA3 6AA766E6FBCC7269DA849BE48AD57A0F99AA4880C01551568FA90DDDD89D4645215A9E1899C1DAB9C0C9F6156F4FD3A4D46E961881C13F31F41428B6EC81C945 5D91E99A45C6A92ED886107DE73D0569CDA6E8D64DE4CF7D2BCA3A941C0AD4D56F61D12C069F64479C47CC476AE3CE598B31C93D4D6D351A7EEDAECC20E757DE BD917AFF004D58611736D309EDC9C6EC72A7DC5659157C8960B503710937F0FAD55282B093B3D158DA2B4D7522099EE450626ED835201E94E038AA8D7A91D989 D0A72DD101575F5A048C0D5835191CD6D1C6CD6E8C658283D9D8960D42680E5188AB875869061D149F5C566EC56EA297CA1D8D6F1C6C7AAB1CF2C14BA32E8BE3 9EB53C7A811DEB2CC6CBEFF4A4C91EB5B47114E5B331961EA4774745FDA2EBA6DD3264BF96718AF30666676273924E6BB7B5BB685BB153D41EF45C695A5DF379 9B4C2E7AEDAD1FBDB19AF777396D26D0DE6A114647CB9CB7D2BD56DE58E289235C00A315CA59E9F6DA7396858B31EE6AFA4ED9EB4E2AC297BC74AB2A9EF55B5D D4069DE1CBA9C1C3BAEC4FA9ACE8676240CD60F8EEFCECB5B156E00DEC2A9BD0951D4E43767AF5A551B982AF249C0150024D747E12D28DE6A02775FDD4473F53 5CEA3766EE56476FE17D2869BA62EE1FBD93E66ADE02ABA3E0018E9532BE6BAA292472B6DBB93A158D5A590E1101663EC2BC9B59D44EABAB5C5D93C3B6147A28 E95DC78CF54161A0FD991B135D1DBEE17BD799A9F7AE7AF2FB26D457526E6AD69F6525FDDA4118E58F27D05544249000C93D2BD17C2FA38B2B513CABFBE9064F B0AC69D3E6958D673E546CE9D671D8DA4704630147E757959810412298054A8A09E4E00EA6BB92B1C6DDF72A6BDAF49A4687310FFBE9C18A31E99EA7F0AF29C8 C8ADAF136AA755D51F61FDC43F2463F99AC4DB5C55AA734B43AE943963EA5DB4D4AFAC9B36D752C7EC1B8FCABA4D2BC65A8C9750DB5CC09721D82E5570D5C805 24E0753DABB9F0BE8FF63417732FEF98719FE114E8B9B764C555412BB47771D909230C06DCF6A64960C0702A3875178C007A568C17F0BAB3390028C927B0AF43 43CF774624D1143820D438E6B92B9F1CEA23529D93CA92DB79D88CBFC3F5ABF6BE36B09F02EED5E13FDE8FE6158AAD06ED737F6534AF637853C5436B7BA7DF8C DA5EC4E7FBA4E1BF2AB9E4381922B4BDF6336700C78AA92246F20764048F6AB321C64555738526A0D882E26695F07A0E829225C9A87396AB96E9D29A1316F1FC",,,,,,,,,,,,
83,WSJ,trump_ii,2025-01-29,RFK Jr. Backs Vaccines and Trump's Agenda in Senate Testimony; Kennedy vowed to fight chronic disease and called abortion a tragedy,Politics,973,0,other,0,0,1,0,0,0,0,0,0,2,0,0,0,0,"Policy Politics RFK Jr. Backs Vaccines and Trump's Agenda in Senate Testimony; Kennedy vowed to fight chronic disease and called abortion a tragedy By Liz Essley Whyte and Kristina Peterson 891 words 29 January 2025 21:22 GMT The Wall Street Journal Online WSJO English Copyright 2025 Dow Jones & Company, Inc. All Rights Reserved. Robert F. Kennedy Jr. said he supports vaccines and vowed to lessen the burden of chronic diseases during fiery questioning from senators who will decide whether to confirm him as President Trump's health secretary. Members of the Senate's finance committee \* HYPERLINK ""https://www.wsj.com/livecoverage/trump-cabinet-confirmation-hearings"" questioned Kennedy on the first of two days of testimony before a vote to install him as Health and Human Services secretary. He can only afford to lose backing from three Republicans in the Senate unless some Democrats back him. Kennedy said that he is most passionate about alleviating chronic diseases and that he would otherwise defer to Trump's orders. Kennedy deflected some questions about abortion pills, Medicare drug-price negotiations and Medicaid cuts. And he rebutted \* HYPERLINK ""https://www.wsj.com/health/healthcare/rfk-jr-wants-to-rethink-the-measles-vaccine-heres-what-the-science-shows-2527380e?mod=googlenewsfeed&st=wLL55s"" claims that he opposes vaccines or would profit from working against them, despite his past activism raising doubts about the shots. ""The only thing",,,,,,,,,,,,
84,WSJ,trump_ii,2025-10-08,Make HHS and FDA Pro-Life Again; Approval of generic mifepristone is why I warned against RFK Jr.'s appointment.,Commentary,615,1,patient_medical_case,0,0,0,0,0,0,0,5,0,0,0,0,0,0,"firsthand how committed President Trump was to the cause of life throughout our administration. We supported efforts to end late-term abortions nationwide, restored the Mexico City policy, defended conscience rights, protected faith-based providers of services for pregnant women, allowed states to defund Planned Parenthood , and appointed nearly 300 judges committed to interpreting the Constitution as written. That's why it is so disappointing to see the second Trump administration retreat from the pro-life cause with the Food and Drug Administration's recent approval of a generic version of mifepristone, a chemical abortion pill manufactured by Evita Solutions. This is a profound betrayal of the pro-life movement that elected President Trump. The FDA 's approval means more mail-order abortion , more women harmed, and more unborn children lost. Evita Solutions is explicit about its mission to ""normalize abortion "" and make it ""accessible to all."" By authorizing Evita's new generic, the administration is enabling the company's agenda and signaling that abortion pills are simply another consumer product. Mifepristone is a powerful chemical cocktail specifically designed to end a developing human life. It carries serious risks for women, among them hemorrhaging, infection and even death. Complications from chemical abortions send thousands of women",,,,,,,,,,,,
85,WSJ,trump_ii,2025-03-15,Democrats' Anti-Musk Strategy Gets First Test in Wisconsin Election; Billionaires from both sides of political spectrum pouring money into race that is poised to break record for most expensive judicial contest in U.S. history,Politics,2449,0,supreme_court_ruling,0,1,1,0,0,0,1,2,0,2,1,0,1,0,"Wisconsin Monday followed by Minnesota Gov. Tim Walz , the 2024 Democratic vice presidential nominee, on Tuesday. Crawford is making abortion rights central to her campaign, while Schimel is wooing Trump's base and focusing on his experience as a prosecutor. Musk has a financial interest in the outcome. His \* HYPERLINK ""https://www.wsj.com/business/autos/trump-hater-of-evs-says-hes-buying-a-tesla-66553ef8"" electric-vehicle maker is challenging a Wisconsin ""factory store"" law that bars manufacturers from owning dealerships. Tesla has two company stores in the state, but buyers must travel elsewhere to pick up vehicles. The case could make its way up to the very court Musk is trying to shape. Schimel said in an interview he is ""grateful"" to have Musk's financial support, but has never spoken to him. He declined to promise to recuse himself, if elected and Musk has business before the court, because such questions are ""tough in the abstract."" The judge said that if Musk is ""looking for someone that's going to give him an automatic win on his cases, he might be supporting the wrong guy."" Tesla didn't respond to an email seeking comment. The race is poised to become the most expensive judicial contest in U.S. history, even before a final flurry of spending.",,,,,,,,,,,,
86,WSJ,trump_ii,2025-08-26,The Men Suing Over Their Partners' Abortions; The antiabortion movement is encouraging partners and ex-partners who say they were harmed by abortions of their unborn children,News,998,0,federal_executive,0,0,1,0,0,1,1,0,0,0,1,0,0,0,"8E7E8C19694EE827DD7C0D3D2FB257DEA0815A34B8734AAFE5A463B0C84FD7FFF831A6FC625E5CA9B60F34B2B56199CB556C40D219318A8B0B35156283A0E52D 05B533A52E6A556CD5F6985A39082F3DF15FFF5498A8BC28437F9CF40B700E76A56FD9C678CF6D59C7B2F4B56B31CD5626922C75596997D3FC0D49ABCB16CD68 34D2557905AB07BAE35C72C55BF8F1C6B5D232995B4612B9916E2450A25D495BBB3B4CF55189BFA8844E529868AC2F39074A0E9B94735CE7B5F241876202E2EE 7DB0D43D3B21C493D11A4B0F39D5BF306E74BE4EBDF0EEBCC223AFB86A43D422609FD0E019F9A204C22CC9CA107BB555F8D92EA164ABE9F36C04C6891627B377 29E38896273FB72C0559482ED81DBD06E29B226C9E77092358D4CCCC520566FF2C037B1B8A24199B7419314D614C968D34C2A0861534A03BB10F775813652765 8B61AE411FB96693AB9625094F839BD4CFD284919078713D81D9CC764CD3BEDDF8B84E3FB54C72CD979DDBE1EB961E53C6F836C330842C65B30CCB04A6191AAB B67C62A7DB21CE77DC941E2A2D312C523CE5593E393C34D42913BDCECA1177E3C51F9EE77DDB590C47685DA37219E93AD1190B74F216CB15F4B54009E2919F8A F953477D87185E73E6615C08C8AC8C8F32E97E0C4200394678AEC430A58DC1877C812DF415333AF47E0C1AFEDD6E9BD8123E288DD9D9C6F2BC31D6843668B8E6 184F0319ECD0DB761217F84D2623549B609B8FE37D8CEE62CA3FFF7D628C7E8D82CB0DD61648BC1232E044028B172348F39ADBFCE638CFB9CE77CEF39EFBFCE7 400FBAD0874EF4A21BFDE8484FBAD297CEF4A63BFDE9508FBAD4A74EF5AA5BFDEA58CFBAD6B7CEF5AE7BFDEB600FBBD8C74EF6B29BFDEC684FBBDAD7CEF6B6BB FDED708FBBDCE74EF7BADBFDEE78CFBBDEF7CEF7BEFBFDEF800FBCE0074FF8C21BFEF0884FBCE217CF78B40704003B U.S. News US The Men Suing Over Their Partners' Abortions; The antiabortion movement is encouraging partners and ex-partners who say they were harmed by abortions of their unborn children By Jennifer Calfas and Mariah Timms 947 words 26 August 2025 14:00 GMT The Wall Street Journal Online WSJO English Copyright 2025 Dow Jones & Company, Inc. All Rights Reserved. The antiabortion movement has found an unlikely new ally to target abortion providers: husbands, boyfriends and exes. Men have filed several recent lawsuits stemming from abortions obtained by their partners or ex-partners. The strategy is part of an effort by antiabortion lawyers to gain ground in their uphill battle to target mail-order abortion pills and interstate travel for the procedure. But it carries risks \'20\'14putting dysfunctional relationships on display to advance a divisive claim that men are harmed when their intimate partners end pregnancies. ""They're finding people who might have an ax to grind against their ex to try to end abortion access. These are not savory plaintiffs,"" said Marc Hearron, a lawyer with the Center for Reproductive Rights who represented a Texas abortion -rights activist in one case where",,,,,,,,,,,,
87,WSJ,trump_ii,2025-06-23,"Abortions Accessed Through Telemedicine Are Growing Despite Legal Challenges; Three years after the Supreme Court overturned Roe v. Wade, abortions in the U.S. are on the rise due to provider shield laws",News,899,0,anniversary_retrospective,1,0,1,0,0,0,0,0,0,1,1,0,0,0,"6140FD3EC7BD6E79894954F20A34B005A531E9A72BB17ACC973272C0024EE206CF6A2203109213E6192B5B1104231ED124C7F8EDC360F54889F4BE7731731508 5482018E9D9225374E7A6996EE915423FF83A33BF62A891989C90803A91AC838A78E2333D052FEF2A45F4DB25F45CB44858A87300060AC8928EC6625F938172B ECA38D7819882EEB41B625F5AA66C78B0DA9F8C4BBCFB9C936FBF01B98AE89FF95B304062B1AD112A05C199B1A7E2F502D6C4DB2E674CC59FAE254F2F1929BDE C716139DE92405AA5F35C184C48C30A07DA7FC1F0CDD833B220D6927ACE9640181781F03D8278F0F4425DCD616C64BC12E565C581368943117F44CA28583B495 360B2A45B908C4A6DE7B0BDF4A860633E57136F3AC5BF0A2B3A6CC7DD05186E29141E533B0372D315DF011964FDDF4A4FAC5722CDE21CA29C5D5A6457DA742B0 EAE68C383329DD580B45B27AD3E4789446118AABA95FCCC93C1F5846479571AD24195742730880B1D826572715C31EF3644C0660B19D1ECBC8772C8445EB20C9 8E7E8C19694EE827DD7C0D3D2FB257DEA0815A34B8734AAFE5A463B0C84FD7FFF831A6FC625E5CA9B60F34B2B56199CB556C40D219318A8B0B35156283A0E52D 05B533A52E6A556CD5F6985A39082F3DF15FFF5498A8BC28437F9CF40B700E76A56FD9C678CF6D59C7B2F4B56B31CD5626922C75596997D3FC0D49ABCB16CD68 34D2557905AB07BAE35C72C55BF8F1C6B5D232995B4612B9916E2450A25D495BBB3B4CF55189BFA8844E529868AC2F39074A0E9B94735CE7B5F241876202E2EE 7DB0D43D3B21C493D11A4B0F39D5BF306E74BE4EBDF0EEBCC223AFB86A43D422609FD0E019F9A204C22CC9CA107BB555F8D92EA164ABE9F36C04C6891627B377 29E38896273FB72C0559482ED81DBD06E29B226C9E77092358D4CCCC520566FF2C037B1B8A24199B7419314D614C968D34C2A0861534A03BB10F775813652765 8B61AE411FB96693AB9625094F839BD4CFD284919078713D81D9CC764CD3BEDDF8B84E3FB54C72CD979DDBE1EB961E53C6F836C330842C65B30CCB04A6191AAB B67C62A7DB21CE77DC941E2A2D312C523CE5593E393C34D42913BDCECA1177E3C51F9EE77DDB590C47685DA37219E93AD1190B74F216CB15F4B54009E2919F8A F953477D87185E73E6615C08C8AC8C8F32E97E0C4200394678AEC430A58DC1877C812DF415333AF47E0C1AFEDD6E9BD8123E288DD9D9C6F2BC31D6843668B8E6 184F0319ECD0DB761217F84D2623549B609B8FE37D8CEE62CA3FFF7D628C7E8D82CB0DD61648BC1232E044028B172348F39ADBFCE638CFB9CE77CEF39EFBFCE7 400FBAD0874EF4A21BFDE8484FBAD297CEF4A63BFDE9508FBAD4A74EF5AA5BFDEA58CFBAD6B7CEF5AE7BFDEB600FBBD8C74EF6B29BFDEC684FBBDAD7CEF6B6BB FDED708FBBDCE74EF7BADBFDEE78CFBBDEF7CEF7BEFBFDEF800FBCE0074FF8C21BFEF0884FBCE217CF78B40704003B U.S. News US Abortions Accessed Through Telemedicine Are Growing Despite Legal Challenges; Three years after the Supreme Court overturned Roe v. Wade, abortions in the U.S. are on the rise due to provider shield laws By Jennifer Calfas 835 words 23 June 2025 10:00 GMT The Wall Street Journal Online WSJO English Copyright 2025 Dow Jones & Company, Inc. All Rights Reserved. The number of abortions in the U.S. accessed through telemedicine is growing. So are the challenges to this mechanism that has allowed patients in states with near-total abortion bans to acquire the abortion pill. Abortions \* HYPERLINK ""https://www.wsj.com/us-news/roe-v-wade-is-gone-but-abortions-are-on-the-rise-383ffaf4"" are on the rise in the U.S . despite more than a dozen states enforcing near-total bans on the procedure, according to a report released Monday by #WeCount, an abortion -data project sponsored by the Society of Family Planning, which supports abortion rights. There were more than 1.14 million abortions in the U.S. in 2024 compared with around 1.06 million in 2023, the report said. One in four abortions in the U.S. were provided using telehealth at the end of 2024, compared with",,,,,,,,,,,,
88,WSJ,trump_ii,2025-03-21,"Vince Haley Is the Most Influential Trump Adviser You've Probably Never Heard Of; The longtime speechwriter is director of the White House's Domestic Policy Council, and he has quietly shaped president's agenda",Politics,1405,0,federal_executive,0,0,1,0,0,0,0,0,0,0,2,0,0,0,"win over conservative voters. He is credited by his colleagues with shaping the Republican Party's position on such issues as abortion , laying the groundwork during the 2024 campaign for Trump's cryptocurrency and anti-Dei initiatives. He \* HYPERLINK ""https://www.wsj.com/politics/elections/trumps-second-term-plans-anti-woke-university-freedom-cities-28f8123d"" has also helped the president craft some of his \* HYPERLINK ""https://www.whitehouse.gov/presidential-actions/2025/01/celebrating-americas-250th-birthday/"" more-unconventional ideas , such as ""Freedom Cities"" and the ""National Garden of American Heroes."" ""I can't imagine anyone having greater insight into the president's thought process, policies that appeal to him, what he likes, what he's not going to like,"" said Joe Grogan, who served as Domestic Policy Council director during Trump's first term. As the head of the White House's domestic-policy operation, Haley, 58 years old, works closely with Stephen Miller , Trump's deputy chief of staff for policy, on the rollout of the dozens of executive orders the president has signed since he took office two months ago. He has been tasked with making sure Trump follows through on the promises he made on the campaign trail. Inside the West Wing, the Domestic Policy Council is even informally referred to as the ""Office of Promises Kept."" ""Vince, Stephen Miller , they are policy people, and I feel",,,,,,,,,,,,
89,WSJ,trump_ii,2025-07-06,"How Abortion Bans Are Affecting Where Women Live and Work; Three years after the fall of Roe v. Wade, abortion bans have driven residents from some states, one study finds",News,2073,0,anniversary_retrospective,0,0,0,0,1,0,0,0,0,2,9,0,2,1,"5482018E9D9225374E7A6996EE915423FF83A33BF62A891989C90803A91AC838A78E2333D052FEF2A45F4DB25F45CB44858A87300060AC8928EC6625F938172B ECA38D7819882EEB41B625F5AA66C78B0DA9F8C4BBCFB9C936FBF01B98AE89FF95B304062B1AD112A05C199B1A7E2F502D6C4DB2E674CC59FAE254F2F1929BDE C716139DE92405AA5F35C184C48C30A07DA7FC1F0CDD833B220D6927ACE9640181781F03D8278F0F4425DCD616C64BC12E565C581368943117F44CA28583B495 360B2A45B908C4A6DE7B0BDF4A860633E57136F3AC5BF0A2B3A6CC7DD05186E29141E533B0372D315DF011964FDDF4A4FAC5722CDE21CA29C5D5A6457DA742B0 EAE68C383329DD580B45B27AD3E4789446118AABA95FCCC93C1F5846479571AD24195742730880B1D826572715C31EF3644C0660B19D1ECBC8772C8445EB20C9 8E7E8C19694EE827DD7C0D3D2FB257DEA0815A34B8734AAFE5A463B0C84FD7FFF831A6FC625E5CA9B60F34B2B56199CB556C40D219318A8B0B35156283A0E52D 05B533A52E6A556CD5F6985A39082F3DF15FFF5498A8BC28437F9CF40B700E76A56FD9C678CF6D59C7B2F4B56B31CD5626922C75596997D3FC0D49ABCB16CD68 34D2557905AB07BAE35C72C55BF8F1C6B5D232995B4612B9916E2450A25D495BBB3B4CF55189BFA8844E529868AC2F39074A0E9B94735CE7B5F241876202E2EE 7DB0D43D3B21C493D11A4B0F39D5BF306E74BE4EBDF0EEBCC223AFB86A43D422609FD0E019F9A204C22CC9CA107BB555F8D92EA164ABE9F36C04C6891627B377 29E38896273FB72C0559482ED81DBD06E29B226C9E77092358D4CCCC520566FF2C037B1B8A24199B7419314D614C968D34C2A0861534A03BB10F775813652765 8B61AE411FB96693AB9625094F839BD4CFD284919078713D81D9CC764CD3BEDDF8B84E3FB54C72CD979DDBE1EB961E53C6F836C330842C65B30CCB04A6191AAB B67C62A7DB21CE77DC941E2A2D312C523CE5593E393C34D42913BDCECA1177E3C51F9EE77DDB590C47685DA37219E93AD1190B74F216CB15F4B54009E2919F8A F953477D87185E73E6615C08C8AC8C8F32E97E0C4200394678AEC430A58DC1877C812DF415333AF47E0C1AFEDD6E9BD8123E288DD9D9C6F2BC31D6843668B8E6 184F0319ECD0DB761217F84D2623549B609B8FE37D8CEE62CA3FFF7D628C7E8D82CB0DD61648BC1232E044028B172348F39ADBFCE638CFB9CE77CEF39EFBFCE7 400FBAD0874EF4A21BFDE8484FBAD297CEF4A63BFDE9508FBAD4A74EF5AA5BFDEA58CFBAD6B7CEF5AE7BFDEB600FBBD8C74EF6B29BFDEC684FBBDAD7CEF6B6BB FDED708FBBDCE74EF7BADBFDEE78CFBBDEF7CEF7BEFBFDEF800FBCE0074FF8C21BFEF0884FBCE217CF78B40704003B U.S. News US How Abortion Bans Are Affecting Where Women Live and Work; Three years after the fall of Roe v. Wade, abortion bans have driven residents from some states, one study finds By Laura Kusisto and Harriet Torry 1,036 words 6 July 2025 11:00 GMT The Wall Street Journal Online WSJO English Copyright 2025 Dow Jones & Company, Inc. All Rights Reserved. Corrections & Amplifications Research that looked at people leaving states with abortion bans received some funding from the Center for Reproductive Rights and the Society of Family Planning, two groups that support abortion rights. An earlier version of this article didn't mention the funding. (Updated July 25) \* FF D8FFE000104A46494600010200000100010000FFDB004300080606070605080707070909080A0C140D0C0B0B0C1912130F141D1A1F1E1D1A1C1C20242E272022 2C231C1C2837292C30313434341F27393D38323C2E333432FFDB0043010909090C0B0C180D0D1832211C21323232323232323232323232323232323232323232 3232323232323232323232323232323232323232323232323232323232FFC000110801AA028003012200021101031101FFC4001F000001050101010101010000 0000000000000102030405060708090A0BFFC400B5100002010303020403050504040000017D01020300041105122131410613516107227114328191A1082342 B1C11552D1F02433627282090A161718191A25262728292A3435363738393A434445464748494A535455565758595A636465666768696A737475767778797A83 8485868788898A92939495969798999AA2A3A4A5A6A7A8A9AAB2B3B4B5B6B7B8B9BAC2C3C4C5C6C7C8C9CAD2D3D4D5D6D7D8D9DAE1E2E3E4E5E6E7E8E9EAF1F2 F3F4F5F6F7F8F9FAFFC4001F0100030101010101010101010000000000000102030405060708090A0BFFC400B511000201020404030407050404000102770001 02031104052131061241510761711322328108144291A1B1C109233352F0156272D10A162434E125F11718191A262728292A35363738393A434445464748494A 535455565758595A636465666768696A737475767778797A82838485868788898A92939495969798999AA2A3A4A5A6A7A8A9AAB2B3B4B5B6B7B8B9BAC2C3C4C5 C6C7C8C9CAD2D3D4D5D6D7D8D9DAE2E3E4E5E6E7E8E9EAF2F3F4F5F6F7F8F9FAFFDA000C03010002110311003F00F3E0B4EC1A70534A10D6840D0B4F0B8ED4A1 0D3C29A042014E029C2334F11FBD0033029C38A76CA4DB400B9A334A138A7AA0A5701A091D09A5EBC93CD4BB051B05170122711CA8E0FDD20D7A24373A45D5AC 534F32EF0A0104D79DEC14628B83573D027D43418E32A92007D45578BC49A4D9A616332FB915C48514EC52B6B71DB4B1D7DCF8DE23132416B8246338AE366669 A67908C163934EC73D281D69872D87DADCCF6726F88E0D4B36A379704EF95B07B0350528E0D031BB598E58927DE9C223522F5A78E9401098CD02326A6A00A00D 1F0F478D433FEC9A7DD3012C87DCD3F41C8BE3C67E5A9E4D26F269598447049A68E7AB7BAB1812DF2BC5E5862ADBB02AFC6731827AE29D2786CB5CA139183923 DEB5E3F0EDE1518036F6CD118D9DD8EA36D2491535700E9969F5FE9587B05743AE5BBDB5BDBC3210596B0C8A46B05A1D046FBF425C750315806CA48D76A0C163 926B66C1B7E8F2AF753585AD6A735AC0047C31EF5CF8885E3735A29CA7CA886590891A29F8F735D168D287444072318AF3B9B51799B73B127BD759E18BFCF965 8606719AC30ED295AD63AB138770873316F22F2EEA55C74635005DA735A5AB2017EE4743CD50C5769C68A9A859FDA0A109BB7715241A2F9014B0083A9357A09B CAFE1CFA524B2BCA72C7F0A1EBA02767706B8F2A2F2A1E17B9AA4D924E4F5A9C8AAD2CF1C7F7980A005C734B8CD566BFB61D645A43AA5A0FF96ABF9D20B1676D 262AA36AD683FE5A8FCEA33AD598FF0096A3F3A2E3B17B6D2D669D76CC7FCB41519F10D98FE3145C0D61C107D2BA78355D344086640D201835E7EDE23B31FC75 11F135A7AD1713573D06E75BD3A45DAB6FC0F415047E225B6045BDB003DEB823E28B5A8CF8AE01DA81DB4B1DECFE24BC99190055078E2B0DF2CC493C9AE6DBC5 91765351378B17B253B858E948AB365A8359670BBB35C6378A98F44A89BC5129E894AE163BAB9D66EEE3237941E82A8B3B31CB3163EA6B8F6F12CE7A2D30F88E E4F6A2E163B138F5A69C7AD71A7C41767B8A8CEB9767F8A9DC0ED091EB4D2CBEB5C51D62ECFF001D30EAB767FE5A1A2E076C5D475614C3227F787E75C49D42E4 FF00CB434C379707FE5A37E747301DBF9D18FE21F9D27DA22EEE3F3AE20DCCC7FE5A37E7486697FE7A37E747301DB1BB847F18A437D00FF9682B89F31FBB9FCE 8DEDFDE3F9D1719D99D46DBFE7A0A61D4EDBFE7A0AE3B27D4D19CFAD1703AD3AB5B0FE314C3ACDB0FE2AE539F43460FA52B81D39D6EDC7BD6F4928BBD3EDE68C 6411DABCEB07D2BB2D07C496763A5AC173192E9D38A6A44C95D17E2B7946494217D4D4A965B987DE39F6AA573E3842BB60B3C8F7E2B2A7F176A7271124710F61 9A39912A9E87651E86B8DD24A157D2B13C59770D8456F1412091867201AE5A7D5F54B8FF005975263D01C551712C8DB9CB31F52697314A9D8D08F5C96299240B 9DAD9C575F1FC4A8D23506CD8B0183D2BCFF00CA6F4A3C9614B98AE53BB9FE248954AFD8323DC8AA2FE3D93F82C231F535C83445464D3053BDC56B1E878E6971 4A169C055922014F51405E29E0502B00A7014014E028013149B6A4DBE949B7DA80B88053D450169E050000518A701ED4BB6806C8C8A36D49B7DA931ED4008A29 DB78A705E29DB68191631498A94AD215A008F14E0B4EDB4E03228011569E052A8E29E1680198A503DA9DB4D3829A009AD2E5ECE712C7F7AB58789EF470028158 D8F6A502958934DF5BBB739F941FA521D6EFC8C79A4567814EDB40EC2DC5C4D74DBE672C47AD41B6A4C1A4DBED40CD2D20178A785464B0E05579B419EE633E7C 0767D292CAE9ECAE04A8327D2B466F11DDCA085555143D815D3BA3161F0843B89F21883EB5D0E9FE19B0B6895E494478FE1CD6649A9DE49FF2D48FA55679A593 EF48C7F1ACE30E57735A9565515996B5CF24DF6206DCA063359656A620D215F6AD2C66911EDA368C53F6D05684044C3E535C77882674660AC45768EBF29AE1FC 47F7DA863395334ACC72EDF9D21694F76AE9FC2BE185D73748EF80A7A66BAD7F04D9C4A01C1ACA53E5292B9E57894FF7A944733745735EA136816902851183F8 5496F656701C4900CFB8A8F6A8AE43CB1ADE751968DC0F714DF2A43FC26BD33C436D07D915A38940FA572C6351FC2293AA5469DD1CE79121FE134EFB34A7F84D 741B07F7451B47A52F6CCAF648E7FECB2FF76816929380B5BE540A8A4754915B23AD3551B0F64918FF0062987F09A77D866F4ADBBA9E240AC4E011549F508874 E685393E82E48AEA5116131ED4BF6092A73A973D38AB913F99186F5A1CA4B705183D8CCFB0C87AD3BFB3DFD4568C9C2123AD775A0E816975A624B2AE588F4AA8 3948528C6279AFF67B7AD1F603EB5EB6DE18B01FF2CFF4A61F0E588FF967FA569C92EE47343B1E502C3DE952C034C884F5AF543E1FB11FC02A0B9D1ACA38B722 0DC3A51ECE42E78F63CE2E34C5864DA0F6A8BEC23D0FE55E9B069566F08691416A93FB2AC071E58A1539771F3C5743CBC592FA1FCA97EC43FB8DF957A7FF0066 596788C1A5FECBB41D2214FD94BB8BDA47B1E5FF0063C0C94207B8A4FB3A7A57A16B1656F0E9EECB1806B84C56534E2ED73483525B1079083F868F253FBB5362 93151765D911794BFDD14796BE95271EB4991EB4EE2B0DD8076A961B4967FF005699A85D805EB5BDA14AAB06E6200CF5355157264EDB1892C0F0B6D75C1A8C81 8AD8D72E60924023209EF8AC62EBEB44959845E818A4A42E28DEBEB4582E85A4C52E734503219BFD5D571D45599FEE5565FBC3EB5713296E7A3E29E05285E29C 16B53262014E02942D3B1405C68152014014E0280B898A5C5380A502810DDB4E55A76334E0BC5017102D2E38A7629D8E28019B68DBCD49B7DA8DB400C0B4B8A9 36D2EDF6A02E45B6936F353E3DA936D3021DB4E0B526314E03DA90C605A902D2814F02810CDB4A16A4DB4D242F5A0036FB5382F34CF39477A3CF5A064BB6976D 46265F5A5F3D7D690C7EDA4DB4CF3D7D68FB42FAD1701FB68DB4CFB42D27DA17D68B8C936D1B6A3FB42D396653C51740295A36D3C60D2EDA2E045B28DB5295A6 E3DA84042EBF29AE13C49F7DABBE907CA6B80F129FDE35219A7F0F2E3CB8A75CF3935D2DDEA450364F22B8AF03B9F32755EB5BED6D35C4CEBCE735872F349A65 37CA8BAB786E63DE0648A04BF682015E45411A36991316C30EF545752FB43FEEC6DE6B3941A66B19268B9ADA9FB0E3D2B94AEBB521BB49E7938AE4F1591B4361 954AFE77800DB57F1599AB0FDD8AB86B214F48941EF666FE2A85A676EAC699D69E149E82BAAC8E5726C925B96963546ED50538A914DA620ADAB2F9A1158B5B1A 71CC359D5D8D296E5890610D7A9F86D31A3C3F4AF2E7E47E22BD67404C68F0F1DA9E1FA857E8497320881278ACCB9D41163C8719AB5ABAB32102B8DBC6F295B7 3F23B66BAF4B1C6DEA6BC9A91DA58BF1544EA8CE09CE4573BF6999F239DA7A5242EEDBA32D8AC5D7570B33A04D49D8FCA78F4AB315DB4A70739AE7602D6CF939 20D6BDB5C237DD3838AD21514908D5126DC7CD5A309DF183582A1CC99ED5BF643300AB65477337C43C698F5E798AF43F1371A63579EE2B8EB6E7651D8AF71214 1C556F39CF7A9AEFB0AAE2AA9C5344CDBB8BBA462002734FF2E6DD821B353DBAA2C91B0233D6BA5B4B35B921D94715955AD1A7D0A85372576F43994B29DFF84D 6808248B4FF29410D5BF27D9E1F978C8A68F225E98AE778A93D6DA14BD96D738C911D5F0F9CFBD475D1EA3A70705907358BF6198B6369AEAA75A335722749A7A 6A56A4C735625B5922196150E2B54D3D519B8B5A3255E94EA44A5AC8D510CFF72A041F3AFD6A7B8FBB50C7CCA9F5AB8EC672DCF4B029E05345381CD6A64C5029 D4829680B0A053853474A70A042D3C0A681CD3C5002814E02814E1400014EDB4014F14C04DB4BB69D8A502801BB6976D3C2D2EDA008F6D18A7E28C5003314BB6 9C5697A5002014F029314E1DA90062AADDC852326ADD52BFFF0054681A39E9B546590AE6B6EC419EDD58E79AE4AEBFD7FE35DAE8EB9B48F8ED58D56D2D0D2291 2794A077A6ED4F7AD4F210A93B6A268501FBA2B349BEA55D2286D8FDE8DB1FBD698B10C3214734A74FFF0066AB95F7279919584CF4341F2C7635A9F60C8FBA2A 19E08EDD77485107AB1C51C8C39CCD696351F30C546B7B6E5C286E6A2D4354D2A38997ED9016F453935CC437B6C351590CB84CF539A390A523BD846455954F96 B2ECF57D3E5C04BB889F4DD8AD78D95D3E56047B1A74DBBEA29A2365A8CF5A9985426B5208A4E10D79FF00897EFB57A0C9F70D79EF894FCEF40C6782642B7D28 15DADA4AA2E9D9CE066B86F059FF0089AB0F515DCC9065CE171CD6574A655AE8A3ADCC5A3213A1ACE813CB8D0019626AD6A522AFC9D4FA554B491A49B38C6DAA 7A8FE1DCE82F62CE8C49EA057166BB69732E92E3A9C57192218DCAB0E6B91AB1D34DDD11E2A86A83F715A18AA5A98CDB1A70F8873F85984A39AEF7C2DE1EB5BB B4334C0127D6B82079AD9B0F105D69F098E26F94D759C649E25B482CAF4C70818F6AC3183D6A6BBBB92F2669656CB1A8002680108C1AD5D30E6322B2DBAD6969 67822A2A7C2694FE2345864A8FF6857AEE8A9B74987E95E48399231FED0AF61D2971A643FEED187EA15FA197AFDC9B684ED5DCC6B80BB59D98CB30E0F6AF49D5 62574248048AE1F5343282A38E6BA271BC4E37B9CEB349338DBC28F4AD0B4823DC1C9FAD584B1115B9900ED59D0ADC3B36DE1335CB18F31491AB3A43280A950B C7E42864CEEA16175DA54D688891A2191935B468A1C9244B61289230AFD6BA3B4502218AE7ACD5567518AEA2150B18005743D898983E2B38D388AE008AEF7C5E 71638AE0CD7156F88EDA3F0946EB96A8E188CD2041D49A96E399715A7A769A6575911A8735085D89479A64D6FA0602C8EF81D6B5A39E2B680A2B64D366904307 965B2D5857979B0ED4E4D72D3A52AFAD4D853A967CB0D89AE2E0172CED51C77C8AC30C6B2C99277E849F414AF6B3440334640F5AF41B8DB94E78D348E92DEF23 7C0639157945ABF031935CCD8DC26FDB271C71534979E4CC476CF06B927858C9FBAEC6B19CE3B1A1AB5A208491D315CB9186C56DDF5F9B8B75453F5AC5230D5A 61E128C5A917527CD664ABD2969052D05105CF4151C3FEBD3EB4FB9E829B6E33711FD6B48EC672DCF4814F1D2983AD3AB5321F4673482945021C29C2983AD3C5 021E3AD385341A70A0078A78A62D3C5301C29E3A53475A78A00514EA414E1400703A9A4DEBEA2B3F55B87B784B2D71526B7A95C5EF916FC9349BB0D2B9E88654 1DC5279D1FF785711F64F12C83EEE294693E257EF8A5CC3E53B537310FE31F9D37ED908FF968BF9D71CBE1DF113F5948A78F08EBEFF7A761F85170E54758750B 75FF00968BF9D34EAB6A3FE5AAFE75CCAF81F587FBD72E2A65F87BA837DFBA93F3A2EC2C8E81756B4638F3573F5A6DE48B25B9653918AF3AD734BB8D12F92169 9CE7DEBB1B2766D19093938A130B58C3B8E6E3F1AEE746FF008F48FE95C24FCDC81EF5DE68E3FD163FA5635B63489AE07CB51151B854E3EE54447CC0511D8965",,,,,,,,,,,,
90,WSJ,trump_ii,2026-06-05,"FDA Launches Study of Abortion Pill Safety as Opponents Push for Limits; The effort is expected to take about six months, meaning its results would come after the midterm elections",,2941,0,election_campaign,0,1,1,0,1,1,0,1,0,2,1,0,1,0,"EAE68C383329DD580B45B27AD3E4789446118AABA95FCCC93C1F5846479571AD24195742730880B1D826572715C31EF3644C0660B19D1ECBC8772C8445EB20C9 8E7E8C19694EE827DD7C0D3D2FB257DEA0815A34B8734AAFE5A463B0C84FD7FFF831A6FC625E5CA9B60F34B2B56199CB556C40D219318A8B0B35156283A0E52D 05B533A52E6A556CD5F6985A39082F3DF15FFF5498A8BC28437F9CF40B700E76A56FD9C678CF6D59C7B2F4B56B31CD5626922C75596997D3FC0D49ABCB16CD68 34D2557905AB07BAE35C72C55BF8F1C6B5D232995B4612B9916E2450A25D495BBB3B4CF55189BFA8844E529868AC2F39074A0E9B94735CE7B5F241876202E2EE 7DB0D43D3B21C493D11A4B0F39D5BF306E74BE4EBDF0EEBCC223AFB86A43D422609FD0E019F9A204C22CC9CA107BB555F8D92EA164ABE9F36C04C6891627B377 29E38896273FB72C0559482ED81DBD06E29B226C9E77092358D4CCCC520566FF2C037B1B8A24199B7419314D614C968D34C2A0861534A03BB10F775813652765 8B61AE411FB96693AB9625094F839BD4CFD284919078713D81D9CC764CD3BEDDF8B84E3FB54C72CD979DDBE1EB961E53C6F836C330842C65B30CCB04A6191AAB B67C62A7DB21CE77DC941E2A2D312C523CE5593E393C34D42913BDCECA1177E3C51F9EE77DDB590C47685DA37219E93AD1190B74F216CB15F4B54009E2919F8A F953477D87185E73E6615C08C8AC8C8F32E97E0C4200394678AEC430A58DC1877C812DF415333AF47E0C1AFEDD6E9BD8123E288DD9D9C6F2BC31D6843668B8E6 184F0319ECD0DB761217F84D2623549B609B8FE37D8CEE62CA3FFF7D628C7E8D82CB0DD61648BC1232E044028B172348F39ADBFCE638CFB9CE77CEF39EFBFCE7 400FBAD0874EF4A21BFDE8484FBAD297CEF4A63BFDE9508FBAD4A74EF5AA5BFDEA58CFBAD6B7CEF5AE7BFDEB600FBBD8C74EF6B29BFDEC684FBBDAD7CEF6B6BB FDED708FBBDCE74EF7BADBFDEE78CFBBDEF7CEF7BEFBFDEF800FBCE0074FF8C21BFEF0884FBCE217CF78B40704003B Politics and Policy Politics FDA Launches Study of Abortion Pill Safety as Opponents Push for Limits; The effort is expected to take about six months, meaning its results would come after the midterm elections By Liz Essley Whyte 1,029 words 5 June 2026 01:00 GMT wsj.com WSJO English Copyright 2026 Dow Jones & Company, Inc. All Rights Reserved. \* FF D8FFE000104A46494600010200000100010000FFDB004300080606070605080707070909080A0C140D0C0B0B0C1912130F141D1A1F1E1D1A1C1C20242E272022 2C231C1C2837292C30313434341F27393D38323C2E333432FFDB0043010909090C0B0C180D0D1832211C21323232323232323232323232323232323232323232 3232323232323232323232323232323232323232323232323232323232FFC000110801AA028003012200021101031101FFC4001F000001050101010101010000 0000000000000102030405060708090A0BFFC400B5100002010303020403050504040000017D01020300041105122131410613516107227114328191A1082342 B1C11552D1F02433627282090A161718191A25262728292A3435363738393A434445464748494A535455565758595A636465666768696A737475767778797A83 8485868788898A92939495969798999AA2A3A4A5A6A7A8A9AAB2B3B4B5B6B7B8B9BAC2C3C4C5C6C7C8C9CAD2D3D4D5D6D7D8D9DAE1E2E3E4E5E6E7E8E9EAF1F2 F3F4F5F6F7F8F9FAFFC4001F0100030101010101010101010000000000000102030405060708090A0BFFC400B511000201020404030407050404000102770001 02031104052131061241510761711322328108144291A1B1C109233352F0156272D10A162434E125F11718191A262728292A35363738393A434445464748494A 535455565758595A636465666768696A737475767778797A82838485868788898A92939495969798999AA2A3A4A5A6A7A8A9AAB2B3B4B5B6B7B8B9BAC2C3C4C5 C6C7C8C9CAD2D3D4D5D6D7D8D9DAE2E3E4E5E6E7E8E9EAF2F3F4F5F6F7F8F9FAFFDA000C03010002110311003F00B210A4A08E86AE2E5595BB1A708813EA2ACD BC3E73EC238EB5E5D9DCF46EAC31E3070C28DB9C7B55B921544DA2AB052AD8ACEA45A669069A2F4126E001AB912F96723A565C64ABF3C1AD5B77DCBCD28CAFA1 328DB52DA608AE82D7FE3D97E95CF44BD87E15BF667368BF4AEFC2BD5A38F10B44C6C8F834E8DEAB4ED87A744F5DA721A51B54E2A9C66AD21A063E968A05218B 4514B40051451400528A4A5A0028A28A0028A5A28012968A2800A28A2800A28A28185145140828A28A0028C5145002518A5A2801B8A4C53A8A00662908A7E292 80198A6915262908A0562322908A7E29314C08C8A4229F8A422810C3498A7E290D301845253A8A006521A79A6E2900DA4229D8A4A60308A4A79A422801941A76 2931400C229A454869B8A008F1484548453714011E2908A9314D22802334DC5498A4228111914D22A4238A6E2818C2298454A45348A00808A630A9C8A8C8A045 765A8596AD32D42C29814D97AD57916AEBAD53BB61142CC78E2811C678B6FBCB84C28796E2B86DD938AD8D6EEFED7A848D9CAA9C562B8DAD915C7525CD23B69C 79627ADC2851CA1E41E41AD6B08C0666C718C552894606456B5AA6DB6CFA9AE5A7AC8DE6ED121994171ED51795B8E48A958E6434F519FAD744E9A923184DC590 3C6A541C722A7B5233826864F4A89731CA33D0F4AF3A717091DB16A48BE2631CA07F09AE8AC1B36B915CE001C608ADED28936447F74915D78397BED1CB898FBA 4172DFBDA589F91505D1FDE9A216AF46E709AB1355C8DAB3A16E9576334C0B439A5A621A90521852D252D0014B494B4005145140052D145030A28A2800A28A5A 004A5A28A0028A28A0028A28A0028A28A0028A28A003145145002514B45002629297145021B4DC53F1498A006E29B8A931498A008C8A4C53C8A4228111914845 3C8A4C5311191498A908A6E280198A314EC526298C662908A7E2908A0433148453F1484500308A4C53B1462802322908A7E2908A00662908A79A691480652114 F229314C08C8A662A5229A450047498A908A6914011914D22A4229A45004645308A948A6114010B0A858558615130A0456715CBF8AEFFECB62E14FCC46057552 FCAA49ED5E5DE2EBE373A8796872B1F5FAD4CE5CB1B974E3CD2398725893DCD42DD39AB2CB91B874A80F3907AD709DA7B2A20073D8D6A85D902AFB565DBE4C82 36EE715AB39C478F4ACE86E555D8A5D5CD4C9502D4EB5D673926334C78830E7F0A7AD29ACAA535345C26E2C48C95E1BA7AD6F6927FD1641E86B1636420C6FD0F 7ADBB28D6C6C1DE49073CD6787A6E13BF42EB4D4A1633EE1B74ADF5A585B9C566BEBD6BE73A92339A9A0D56D18FDE02BB14E2FA9CAE9C97437216ABB1B565417 96CF8C483F3AD18A4888E1C5697467668BA86A606ABC641E8C2A75FAD031D4B451400B45145002D2514B40C28A28A005C514668A0028A28A0028A28A0028A28A 0028A2978A004A28A2800A2968A402514518A6014514500145145002514B4500369314EC514086D348A7D211400CC537152114DC500308A6915262908A6223C6 292A4229B8A0061A434E228C500308A69A7E293140865253C8A69A006E29314EA280184537152114DA00662908A7D211400CC5348A931484500478A69152114D 229811114D22A5238A6E280222298454D8A6114010915130A9D8544C0500626BD7AB63A749213820715E4334CD34AF239E5CE4D76BE3BD443BAD9A1F76C570C4 75CD735796B63A68C6CAE47CA923B54522E391529F43D45424F3B4F4AC4D8F6B823CDCAB01D3AD5CBA6F969966A0C85BD0536E7B0ACE82D0AABB91A8A94546B5 20AE9302414520A09C5263B11B9C554D42FEE3ECA57CC38031569CF1599A8F1163D6B2A8F435A6AED1CD48EDBCB1279A912561FC469274C1FAD40AD8AE64CECB 1A90DFCB1E30E7F3AD6B5D62418F9CFE75CD06A951C8E86AE351A2254D33B9B6D664C0F9EB521D625FEF66BCFA0BC6420135AD6F7FD39AE8856EE73CE823B98B 5673D6ACA6A64F515C8C17B9C735A115CE7BD6EAA5CE7952B1D22EA2BDC53D6FA33D6B0E39C11D6AC2B0357733713605D447BD3C4D19FE2158C334E19CD3B872 9B21D4F4614EC8F5AC60CC3B9A904AFD98D17158D5A5ACC13C83F8A9C2EA4145C2C68D15485E37714F1783B8A2E162D51500BA434E17119EF45C44B45344A87B 8A5DCA7B8A005A28FC69680128A5A2800A28A2800A28A2800A28A2800A28A280131452D25001451453012929D49400D229314FC5262810CC52629F8A4C500331 4D22A4A4228111E2908A7E2908A60478CD21152629B8A0061148453C8A6D003314845486928023C50453F14DC502198A4229E45211400C2290D3E9A4500308A4 C53C8A4C5004645348A908A69140119151B0A948A630A62216AA57D3ADBDAC9231C0519ABCE2B8BF1E6A7F63D33ECE8D8794EDFC3BD26ECAE38ABBB1E73A86A0 6FB549E573F2BB1DBF4AAAC31C54322F19152472798B83F78570377773D04ACAC46D5130CD4EF50B51711EF36E9B632FEBC1AAB7073262AFA8D90007EB59D31C CA69D356429EAC12A506A25E9528AD091D41E945213498218D599A97402B4CD656A073262B1A9B1B53F88C69D3729159EFC367F3AD3985675C0C31F43FCEB98E C1A1EA457C554DF8A72C9EF4C0BCAF53C733274359CB2D4AB2D2B858DCB7BDE9CD6ADBDE74E6B94493156E1BB2A4026B48D468CE54D33B286EFA735762B9CE39 AE52DEF3A735A705D67BD74C2A9CF3A47491CF9A9D5C35624571EF57629BDEB752B984A163487B528AAC92FBD4EAC0D55CCDA24A5A68A7531052D18A5A0028A2 96800A5048EE68A2801E1D874634E1338EF5152D0226172F4E1747B8A828CD0162C8BA1DC5385C277AA98A280B1744C87F8A9C1D4F7154314B8A0562FEE07B8A 5AA0091DCD28761FC469858BD455312C83BD385C3D0162D5155C5C1F4A51703B8A02C4F495189D6944A87BD021F4520753FC54B91D8D002514B494C04A4A7525 021B8A314B41A0061148453A908A006E29B8A908A69A62198A6E29F8A42280184526314F22908A00652114FC5211400C229314EC525003714DC5498A6E280184 52629F8A4C5003314D22A4229A45022222A36153915130A622B4A7009F4AF18F196A7FDA1AEC8AA731C3F20FAF7AF51F14EA4BA5E8B3CF9F9B6E17EB5E1AD234 8ECCE4962724D615E568DBB9BD08DDF3084F18A87251B23B548491C531AB951D6C9F2AE9915130C8F7A896428FEC7AD4EC46322811EFB38DA83D8564939727DE B4EE9CED39ED5963D6B446648B4F14C5A70A631D41A4A09A4D8C4358F787321AD76E149F6AC6B9E5CD6351E86D496A5096B3AE0641AD19AB36E0F06B03A91993 49B5B3F9D46271EB58FAF6A66CDF62FDE6ACD8F50BB299DC33F4AA6B4B929DDD8EB9671EB5324E3D6B8F1A95D8FEE9A91757BB5EB1A9FC6A742ECCECD6607BD4 E928AE2D35E997EF5B9FC0D598FC4AABF7E1907E14582E76D0CF822B4EDEE3A735C143E26B43F78BAFD456A5AF88EC8B01F6851F5A6AE84ECCEF209CF1CD68C3 3D72567AC5A498DB7119FF008156E5B5DC6E06D914FD0D6F193309C4DF8A63EB56E397DEB2219411C1AB91BF4E6B78C8E7940D4492A60D9ACF8DCFAD58492B45 232702D0A514C57152020D59160C52E29C052E2810DC52E28E68E6800C518A052E6980628A4CD19A042D14993EB484D003B229722A3DC68CD0324CD14CDD4668 01F4B4CCD2E6900EC668C52668CD002E28A4CD19A0028A3228A005DCDEA69448FEB4DA280B0FF39E97ED0C3B0A88D2501626FB4FAAD385CA7706AB114D345C39 4B7F688CF7A512467F8855134868B8B94D0DCA7F8851F8D669CFAD26E71D18D3B8B94D120D18ACEF3A51FC54BF6B9477CD170E465EC5348AA7F6F71D541A51A9 0EE94EE85CACB44506AB7F68447A834F179037F1628B8ACC93149482788F4714EDC87A30A02C371484714FC7B8A420D310CC52639A711498A006914D22A4229B 8A00898544E38AB0C2A86A3729656535C48C152352C49A1099E5FF0012B55F36F22D3D1BE54F9DF1EBDAB81620E0F7AB9A95F3EA7A85C5DB9F9A47279F4ED543 3D8D71549734AE77538F2C521C08230690F5C52107191524104D74C23863677F45150590B26453AD619EE2511448CE4F4C0AEDB44F87B7D7C564BB1E5A1FE1EF 5E8DA47836C74D41B625DDEA456D0A4DEE632AA96C32F5FE527B1AA0B566F0E011EF5554D4A289452E69A29D40C5CD069294D21A1929C46D58F37535AB707115 64CB585437A48A52F4ACCBA3F29AD497A563EA0FB2176F41591D079CEBD2FDA359080E4038AB11A7CA2B3437DA358773CE0935B2AB8028ACEC921D2576D9184A 704CD48169E16B9F98DEC46129E231522AE6ADC1A7DD4DFEAE07607BE2A6EDEC5592DCA62153FC229CB691B1E517F2AD75D0750233E41FCC54D158DF58FCC6D4 E7FBC5738A97CEB74C69C1F545087482E3296F27D541AB91D94D0630F3C5F89157E1D5AFA33C4B8C76C56C5A6BE5C08EF6DE3953B9C7351ED20F4E768AE592D7 95332ADAE350871B2FA5FC4E6B5ADF5BD5E2FF0097857FA8AB736936B776E6EB4C7C81CB447A8ACE8E325828073E98AE7AB5B1145DB9B7DBCCB853A3516C6D5B F8A3504C799146DF4AD483C5A7FE5A5A9FC0D732B195386041F7A9D16A1667898F51BC1519743B087C5168E3E6575FC2ADC1E24D3E698C49729BD7AA93CD7138 C293ED5CC785A36BBF186A7339DC91E1403EB5D986CDEA5A52A8B448E4AD97D3D143A9ECE9AF5996C79A062A5FEDBB1E035C20CFA9AE3C5BC5BB3B6A392D2224 91919ED531CFA5D624BCB29B7A33BB4D42D64FB93C67FE05538950F4607E86BCDA5B08B2369753DF271CD466CEE93FD45F4C9F47AE98E794FEDC6C652CA9FD99 1E9DBD68DC0F7AF306B9F115B0CC3A8171E8EB9A51E26F145B7DF8209C7E20D75C336C34FA984B2DACB6D4F4DCFBD04E0579B0F887A8DBFF00C7D68D2E3D50E6 A78BE29699D2E209E13FED25754317467B48E79616AC77476973725738358579AECF6AC76B67D8D6649E3BD06ED4EDBB0A4FAD73DA9EBB68E4BC3748E3D33535 6A69EEB35A3495FDE475B1F8CD9789A0CFBA9ABD0F8C34F9301D990FB8AF297D722627E71F9D447568CFF18AE5FAC5589D5F56A323DB21D6AC6E3EE5CA1F626A EACE8FF7581FA1AF06FED551C87C7D0D4F1789AEAD8831DCB8FC6B48E325F69194B031FB2CF760F4E0C3D6BC8F4EF1DDF9424BF981783915B96FF1097813C07F 0AD638CA6DD998CB05512BA3D07229735C7DAFC40D1A66DAF3189BA61C62B6ED75FD3AE80315DC4D9FF6AB78D684B66612A138EE8D6A2A04B98DC7CAEA7E86A4 122FAD5DD19D98FA5FC69A194F7A70C1EF4C4149CD3B1EF46DA006D069D8A422818D34D34E22A3348A10D34D04D309A02C3A9A690B5569EE9225392286EC095C 9A4915073555EF610705C03EF5897FAB85C80D5CF5C6A0F29FBDC57354C428EC7553C3396E773F698DBA3A9FC690C8A7B8FCEBCF7ED4EA7E5761F8D3D751B95E 9337E750B12FB16F0BD99DF16A4DF5C4A6B376BFF2D735663D7AE475C1AD1574CCDE1DA3ADDFEF4A2461DEB9B4D7DFF8A31F85584D6E36FBC84568AA2662E934 6F8B871D18FE74F5BC94747358C9AA40DFC58A9D6F216E8E2AD4919B833596FA5EE41A916FDBBA83596B32B74606A45606AAE458D317CA7AAD482E6235980D48 8093814EE2691A1E6237435C27C51BC9AD7428EDE2CEDB87DAE4761D715DAC519CF1D7D7D2ABEA1611DF5ED9C73C6245CB121871C0A1EC24B53E6D43838A9E1B 39EF65096D13C8E7A0519AF5DB8F855697BAC35CBC860B7272638FB9FE95D8E95E1BD2F468447696C8B8EF8E4D61EC1DF537F6EAC794E81F0CEFAF36CBA87EE6 33FC03AD7A4691E0FD334841E540BBBBB11CD74780071486B68C231D8C25394B72358D1061540141A71A69AB24E26F0E6402A15A75C9CCE7DA98B5C476928A5A 6D2E6818B9A5A4EF4526320BA3F28159929E6B42E8F38ACE92B09BD4E8A7B1526E86B9AF114DE4E9D2B67B62BA39BA5713E33B8D967E583D4D42D59ABD8E3F4A 5F32E657FC2B740AC9D0E3FDD337ABD6E46C50EE0067DC5658897BF635A0BDC161B59A7388E266F7C7157D34D861C1BCB944FF0061393555AE67718695B1E80E 053421393827DEB0E64BA1B59B3496FAD6D78B4B504FF7E4E4D236AB7B27FCB62A3D178AA416A551512AB2EE52A71275BBBACE7CF93F3AD1B4D5EFA02313161E 8DC8AAD6B646E2CE795396848247B5222F4ACA539C6CD3345084B4B1D025D69BA9002EA2FB3CDFF3D1071527F6201F3437B6EE9EA5B06B1A28D9B90848F6156A 35ACAA5752F8E37F3D8A8D271F859A56ECDA6DC2C90CEAEE0F217A11E95B7A23DACBAB4E4808645FDD16E80D7391AD6A58DA19629AE09223846491D73DAB3A15 E4AA2E5574B5B7E63AB4E2E0EEECDE972EDEE8D7F04ACEF1990139DEBCD535520E08E6B56C3C45776C024989A3F46EB5AD8D3B5E8D8469E4DD01903A66ADE1A8 6235A12F7BB3FD1992AF568E9563A775FE472D2710B1F6AC2F034599752B8C7DF9C8CFD2B7AF4186DE70DD54106B37C11185D10C9DE4919BF5AE0BF2D19FC91D 32D648E9F38152589F3352810F2375559A408BD693469FCCD610039DA09A9C0D3F695E0BCD1159F2D294BC99D948D6D3039850E0E391501B5D3DB1BE1504FA55 3D5A5F2EC8ED3B4B301C5721A76B7226A171E73C8E88D9519E95F772A54E7F1453F91F2F1A938ECDA3B9FEC9D3A524239523D1A91BC3B137DCB83F88CD7391EB 76E97B245BD95D0876E38C5591AB857971738DA41619E99E95CD3CB7093DE9AFCBF23658BAEB691A52786A63F75E27FA8C567DD784DDD4EFB38DC7B62AF2EBB3 4B0A34440E7A9EE3D69ABE21BF8E424EC9133F748C11F8D78989A59651ABECDB945F91E8D1A98C9C79959FA9C66A7E08B62097B0643EAAB5C75FF84238DC88A4 910FA1AF6EFF00848E195409A1642783DC5569D2CEECEE0B1B83E95D7430D096B42BDC53C4C9695A958F029BC317D18262B8CFB1AA674AD5E36C1191EB9AF66D 6ED6C52C1A58620AC1B1915CB14069D4AB528CF924D336A74A9D68F346E8F3D920D422CE4E6AA4B7D7101DB2753EF5E8B3DBC7B096507F0AE0B508639B53209F E2C62B5A15954959A31AF45D38DD33D0FC2F6083478A675F9E41935B9F6487072809A8F4C8843A5DBA01D1055BAF02ACDCA6E47AB08F2C52214B0B466FDE460A FD291749B4CE5502FB8E2BA7F0E41048B70F3C6AE060608CD742746D3DC64DB273E82BBE865956B5255212B5FD4E1AF8FA74AA38495CE023D3E48FFD4DCCC9FE EC869CB36BB0CCC915D4FB00C866C3035DC9D0B4FE7E52B8FF006A9CBA059B0CACB20F7CE6B5580CC69FC324FE6CC5E370B3DE3F81C545ADF895141DD1BF38C4 91E0D4C9E30D6E2C9974E8E403A946C7F3AEC7FE11B8CFDCB93F88A8DBC33273B6643F51557CD61F66FF003466E7829791CCA7C40963FF008F8D2AE57DD466AC C5F11B4A3C4C2688FF00B686B59FC3373D9626AA93786266077D9A3FE469AC763A1F1D17F217B1C24BE1912C1E39D127C6DBE41FEF715A3178874D9BEE5E4273 FED572B71E0EB77FF59A5FE216B32E7C1BA7EFF96396DDB1D1588AAFED9E5FE2C1AF90BEA5097C323D185FDBB8F96543F434A6646E8C2BCE2DFC3515AA1C5D5C 3B678DD21E2A46B3B8B75664BB9D4019E24CD6F0CE30D2EA43C04FA1DF9956A36900E735E5BA578F1ADEF9EDEF2532441880E7A8ADABFF001A5A08BF7320391D ABD28D58B5739A54A51958E9EFB548ADD4FCC38AE4751D7CC84AC6D5CE5DEB72DE313BF8AA0D3B1EF5CF52729688E9A708C3735A4BE67624B5426EB3DEB2CCC4 9A4F34FAD63ECD9B7B546A7DA01EF4E138ED592253EB522CA7D6AD408750D65973DEA647CD65472D5B8E5AB8C0CA533491B353A5528E4AB71BF35AA8984A65A4 156114D4119CD5B415A2899399226E1DCD5947907F11A646B9ABB0DB1382C38EC3B9AA5133721629256E73C0EE6B56D3320191B47AF7350C36A38DC071D16AFC 636D5A44B64EA028C54B1A8332B63900E0D460E6A58BFD61F65A64925252D0698869A434B49400D34869D4D3401C04A732B7D6956999CB93EF4E15C277126694 1A60A70A063A8A4A2A4653B96F98D5290F5AB531CB1AA925612DCE986C529CF06BCD7C6B71BAE563CF415E917270A4D791F89E7F3B5293078CE053A6AF2439BD 0B5A3C7B6C63E3A8DDF99AD302A0B28FCBB745F4502AD015C556579B676528DA0802F353C323C2FBA36C1A8C0A914562DD8D6C6A43A8DA3802EEC2373FDE4F94 D5C57F0FB0C98675F6CD61A8A95451ED9ADD27F217B24F66FEF3A5B1BED26DAF2316D148B1C80A4A5FA10699A9E93269B73E6C6A1EDDB946C640AC445AE9349D 75EDA2FB35DC627B6E983D450AAC2A2E4A9A767D84E9CE0F9A1AF74416FAADE458D92003D368C55D92F2DAFA02668045723EEBC6386FA8AB9F62D02F7E786EDA DC9FE13D29E34CD1A0E64D49A4C7641512A55ACD7326BD502A94AF7E569FA33263524E00E6B6749BB8A149AD6E73E44E3961D54FAD472DDD9C7118AC2DF6E783 2BF2C6AB20AE072F6134E0EFF97A1D36F6B1B495BF33465D384637C5711491F621B07F2ABDA304B376BE99C2AA2908B9E58D63A2D4A066A615E30A8AA4636B79 F509537287249EE53D7EE31A65DCC782558D57F05B01E18B724FAD41E2E97CAF0FDC73D462AF787F4D7B2F0CD9A3922478C48C0F607B52946F86727DC774AA25 E43AFEF70C5455CF0A2EFBF9643D96AB4BA5A4A4B12C0FD6AEE91FF12A693E52E1FBFA56B80A94A9558CA6EC9118A8CA74A518AD4D4F104C52DE35CF727F215C 169AC5DA66EEF201FAD77E752B69862584E3DC66A258B4662088910E73F771CD7D4C31B8796D347812C2D65BC59C6DBCA65D4EFDFB190463F3FF00EB549349E6 ADE91D65B848C7E15D547A1693B99A120167DE70DDEAA5CF8720B583CD8A666DB299707B935B4EAA50724CCE149B9A8B44F6A48879E806053F34D8C6D8147AF3 457E795EA7B4A8E47D3C636561D9A4DA01C8CA9F51C5253E189E795628D4B3B9C002A20E5CCB977076B6A56BCB56BBB6F24C9819CF4AC49B48B88412A038F6AF 44934BD374BB656D419E595BA2A9C7E554DED2CAED1DB4F91C48A371825EA47B1EF5EC4E9E2E9BB4E49CBF96FAFF005E573929E2695BDD4D47BDB43CC6F55E28 9F7A9538EE2BCDF719FC42ABD8C807EB5EFF002DB433A959635607A822B99BAF87DA3CB7AB796CAF6D32B6EF90FCA7EA2AB09995285F9D5AE8BAF49D4B5BA32F 45848235F45152669F259CD1A81B7701E955C965386047D6B97994B5475A3B1F0A461ACE62C01CBD58D76EE5B68E4313952B11231EB50785BE5D2CB7AB9AA7E2 8B90B15C67FBAABF99AFB2CBD5B0D05E47CBE375C4499674CD5C4F66BE733991C1049E9C73572CB57B6BBB70D13B6D71B5411DFAD72BA7CA16C15F3F76091FF4 A97467F2F4FB76F4476FC945771C87550EAD0A08A4498307CEC19EB8EA2B4FFB5123C991D46E00AE4D7016CF93A427A5BC927E640FEB5378A66D9B1013C42A3F 3A7B927A147766592411B2B0006D39EB529B8D8DFBCC05E39F7AF3AF09CCE6F89DEC465CE09F7FFEB559D03519AE4DC99656706F5954139C0068B01E83BC1524 738AE73C48419ADC63076935B968E1C487FDB35CFF0088DB3A8A0F48C7F3AF1B3B76C1C9776BF33B72F57AE8C7AA9A81DB65337A21AB79AA5AA9DBA6DC1F4435 F151DD1F411DCF099E593ED729E71BCD5FD3E1BDBD90476D04B293D9549AF41D07C33A7CD6915D5C4225771BB0DD2BAB82DA0B64DB0C491A8ECA315F43573884 1F2D38DEC71FD5257BC99C4E8FE06D52EA58C5DCA96C84F233B9AAD6AFE1DB1D2EECDB8B8BD62072C22DC2BBFB2FBE9EEC2A1D5086D425F4068966B52147DA34 B723EAD1954E5B9E646D34D0D86D57CA1EB2C4454F0E8D6770C041AEE9EF9F57C57673DAC1711B2491232B0C1CAD613782744FF9F34CFA818A54B3E8DBF7912A 580BFC32337FE118BB6CF9373672E3FBB30E683E18D555378B60C3A7CAE0D5B7F026944E516443FECB9150B782153FD46A37917A62635D31CF30CF7BA33780A9 D1A2BFF636A317DFB3987FC06945ADC47F7A0907D54D21F0B6BD03136BE24BD51E8CD9A16C7C6F6DF735E128EDE6460E6BA639AE125F6CC5E0EBAE84CA593EF0 23EA2AC453AFAD679BCF1DC27E74D3EE47FB51814DFF008483C4B183F69F0BD9CD8EBB0E335BC71B425B4D7DE66F0D516F167430CAA71CD69DB8321017935C6C 7E2D6423ED5E14B88FDE27AD3B6F881A3DB8C4BA66A101F74CD7442BC1F5319E1E76D8EE6DAD318C8CB7F2AD28A154E7A9F5AE3AD7E257865C00D74F09FF00A6 91915B36DE31F0F5CFFAAD5AD4E7D5C0AE88D487739654A6BA1BEA314F154E1D4ACA700C7770BFFBAE0D5B4911C7CAC0FD0D57327B32795ADD1321CF156631CB 1F6AAA8406EB56E3C609073403168A292A8910D21A534940094D34EA43401E78B4F151AD3C5709DE3C52D341A5A431C2863853476A6C87119A96C68A321C9355 64AB0FDEAACA7AD60CE9465EA52F976B237A29AF1FBC6FB4EA617AEE93FAD7A87896E3CAD365C1EBC579858AF9DACC79E704B7E55A53D2EC53D743A8857098A9",,,,,,,,,,,,
